"Ngày","Lần cuối","Mở","Cao","Thấp","KL","% Thay đổi"
"03/12/2024","25,403.0","25,400.0","25,405.0","25,346.5","","0.11%"
"02/12/2024","25,374.0","25,355.0","25,385.0","25,335.0","","0.12%"
"29/11/2024","25,344.0","25,335.0","25,400.0","25,335.0","","-0.06%"
"28/11/2024","25,358.0","25,345.0","25,400.0","25,320.0","","-0.07%"
"27/11/2024","25,375.0","25,395.0","25,410.0","25,375.0","","-0.12%"
"26/11/2024","25,405.0","25,420.0","25,420.0","25,400.0","","-0.02%"
"25/11/2024","25,410.0","25,410.0","25,415.0","25,387.0","","-0.03%"
"22/11/2024","25,417.0","25,415.0","25,425.0","25,410.0","","0.01%"
"21/11/2024","25,415.0","25,415.0","25,430.0","25,400.0","","0.00%"
"20/11/2024","25,415.0","25,390.0","25,415.0","25,390.0","","0.08%"
"19/11/2024","25,395.0","25,385.0","25,410.0","25,370.0","","-0.04%"
"18/11/2024","25,405.0","25,375.0","25,410.0","25,339.0","","0.10%"
"15/11/2024","25,380.0","25,370.0","25,390.0","25,370.0","","-0.04%"
"14/11/2024","25,390.0","25,360.0","25,395.0","25,330.0","","0.24%"
"13/11/2024","25,330.0","25,340.0","25,352.0","25,290.0","","-0.04%"
"12/11/2024","25,340.0","25,340.0","25,345.0","25,300.0","","0.12%"
"11/11/2024","25,310.0","25,270.0","25,315.0","25,250.0","","0.20%"
"08/11/2024","25,260.0","25,295.0","25,310.0","25,260.0","","-0.36%"
"07/11/2024","25,350.0","25,400.0","25,410.0","25,350.0","","-0.08%"
"06/11/2024","25,370.0","25,365.0","25,410.0","25,350.0","","0.16%"
"05/11/2024","25,330.0","25,310.0","25,360.0","25,285.0","","0.08%"
"04/11/2024","25,310.0","25,260.0","25,325.0","25,250.0","","0.12%"
"01/11/2024","25,280.0","25,265.0","25,330.0","25,250.0","","0.04%"
"31/10/2024","25,270.0","25,325.0","25,345.0","25,260.0","","-0.04%"
"30/10/2024","25,280.0","25,335.0","25,400.0","25,280.0","","-0.06%"
"29/10/2024","25,295.0","25,345.0","25,345.0","25,270.0","","-0.20%"
"28/10/2024","25,345.0","25,390.0","25,430.0","25,340.0","","-0.04%"
"25/10/2024","25,355.0","25,400.0","25,425.0","25,355.0","","-0.12%"
"24/10/2024","25,385.0","25,391.0","25,440.0","25,380.0","","-0.06%"
"23/10/2024","25,400.0","25,400.0","25,420.0","25,370.0","","0.04%"
"22/10/2024","25,390.0","25,375.0","25,390.0","25,345.0","","0.42%"
"21/10/2024","25,285.0","25,150.0","25,285.0","25,150.0","","0.54%"
"18/10/2024","25,150.0","25,210.0","25,260.0","25,150.0","","-0.12%"
"17/10/2024","25,180.0","25,010.0","25,195.0","25,010.0","","0.84%"
"16/10/2024","24,970.0","24,960.0","25,000.0","24,890.0","","0.18%"
"15/10/2024","24,925.0","24,850.0","24,948.0","24,830.0","","0.34%"
"14/10/2024","24,840.0","24,814.0","24,845.0","24,800.0","","0.14%"
"11/10/2024","24,805.0","24,830.0","24,851.0","24,800.0","","-0.10%"
"10/10/2024","24,830.0","24,855.0","24,855.0","24,820.0","","0.00%"
"09/10/2024","24,830.0","24,825.0","24,840.0","24,815.0","","-0.02%"
"08/10/2024","24,835.0","24,830.0","24,850.0","24,825.0","","-0.02%"
"07/10/2024","24,840.0","24,840.0","24,850.0","24,830.0","","0.34%"
"04/10/2024","24,755.0","24,755.0","24,760.0","24,715.0","","0.04%"
"03/10/2024","24,745.0","24,690.0","24,750.0","24,635.0","","0.38%"
"02/10/2024","24,652.0","24,615.0","24,660.0","24,589.0","","0.23%"
"01/10/2024","24,595.0","24,560.0","24,605.0","24,550.0","","0.16%"
"30/09/2024","24,555.0","24,565.0","24,610.0","24,540.0","","-0.14%"
"27/09/2024","24,590.0","24,605.0","24,625.0","24,580.0","","-0.10%"
"26/09/2024","24,615.0","24,610.0","24,635.0","24,550.0","","0.14%"
"25/09/2024","24,580.0","24,530.0","24,585.0","24,530.0","","-0.04%"
"24/09/2024","24,590.0","24,640.0","24,640.0","24,580.0","","-0.10%"
"23/09/2024","24,615.0","24,615.0","24,650.0","24,529.0","","0.10%"
"20/09/2024","24,590.0","24,550.0","24,600.0","24,520.0","","0.10%"
"19/09/2024","24,565.0","24,620.0","24,660.0","24,560.0","","-0.14%"
"18/09/2024","24,600.0","24,650.0","24,680.0","24,600.0","","-0.08%"
"17/09/2024","24,620.0","24,577.0","24,620.0","24,545.0","","0.37%"
"16/09/2024","24,530.0","24,540.0","24,613.0","24,530.0","","0.00%"
"13/09/2024","24,530.0","24,580.0","24,580.0","24,515.0","","-0.18%"
"12/09/2024","24,575.0","24,580.0","24,600.0","24,515.0","","0.10%"
"11/09/2024","24,550.0","24,640.0","24,640.0","24,530.0","","-0.45%"
"10/09/2024","24,660.0","24,690.0","24,690.0","24,615.0","","-0.08%"
"09/09/2024","24,680.0","24,620.0","24,680.0","24,600.0","","0.33%"
"06/09/2024","24,600.0","24,660.0","24,660.0","24,570.0","","-0.53%"
"05/09/2024","24,730.0","24,820.0","24,820.0","24,720.0","","-0.49%"
"04/09/2024","24,852.0","24,870.0","24,885.0","24,840.0","","-0.03%"
"03/09/2024","24,860.0","24,860.0","24,860.0","24,860.0","","0.00%"
"02/09/2024","24,860.0","24,860.0","24,860.0","24,860.0","","0.00%"
"30/08/2024","24,860.0","24,885.0","24,890.0","24,860.0","","-0.04%"
"29/08/2024","24,870.0","24,885.0","24,895.0","24,820.0","","0.06%"
"28/08/2024","24,855.0","24,815.0","24,885.0","24,813.0","","0.14%"
"27/08/2024","24,820.0","24,840.0","24,840.0","24,800.0","","-0.16%"
"26/08/2024","24,860.0","24,880.0","24,905.0","24,840.0","","-0.42%"
"23/08/2024","24,965.0","24,930.0","25,010.0","24,930.0","","0.02%"
"22/08/2024","24,960.0","24,925.0","24,965.0","24,900.0","","0.12%"
"21/08/2024","24,930.0","24,905.0","24,935.0","24,895.0","","0.06%"
"20/08/2024","24,915.0","24,900.0","24,927.0","24,910.0","","-0.18%"
"19/08/2024","24,960.0","25,064.0","25,064.0","24,960.0","","-0.36%"
"16/08/2024","25,050.0","25,060.0","25,084.0","25,030.0","","0.06%"
"15/08/2024","25,035.0","25,030.0","25,090.0","25,025.0","","0.06%"
"14/08/2024","25,020.0","25,081.0","25,120.0","25,020.0","","-0.38%"
"13/08/2024","25,115.0","25,120.0","25,125.0","25,080.0","","-0.02%"
"12/08/2024","25,120.0","25,125.0","25,125.0","25,065.0","","0.12%"
"09/08/2024","25,090.0","25,145.0","25,150.0","25,090.0","","-0.18%"
"08/08/2024","25,135.0","25,150.0","25,150.0","25,100.0","","-0.08%"
"07/08/2024","25,155.0","25,145.0","25,173.0","25,100.0","","0.10%"
"06/08/2024","25,130.0","25,110.0","25,140.0","25,095.0","","0.20%"
"05/08/2024","25,080.0","25,105.0","25,115.0","25,060.0","","-0.50%"
"02/08/2024","25,205.0","25,215.0","25,270.0","25,190.0","","-0.04%"
"01/08/2024","25,215.0","25,200.0","25,225.0","25,185.0","","-0.08%"
"31/07/2024","25,235.0","25,275.0","25,320.0","25,220.0","","-0.16%"
"30/07/2024","25,275.0","25,280.0","25,300.0","25,260.0","","0.00%"
"29/07/2024","25,275.0","25,300.0","25,330.0","25,270.0","","-0.10%"
"26/07/2024","25,300.0","25,332.0","25,337.0","25,290.0","","0.06%"
"25/07/2024","25,285.0","25,340.0","25,375.0","25,285.0","","-0.26%"
"24/07/2024","25,350.0","25,360.0","25,411.0","25,325.0","","-0.02%"
"23/07/2024","25,355.0","25,345.0","25,355.0","25,340.0","","0.12%"
"22/07/2024","25,325.0","25,325.0","25,340.0","25,315.0","","0.04%"
"19/07/2024","25,315.0","25,320.0","25,373.0","25,280.0","","0.02%"
"18/07/2024","25,310.0","25,300.0","25,370.0","25,269.0","","-0.02%"
"17/07/2024","25,315.0","25,375.0","25,375.0","25,310.0","","-0.24%"
"16/07/2024","25,375.0","25,370.0","25,425.0","25,370.0","","0.06%"
"15/07/2024","25,360.0","25,410.0","25,420.0","25,360.0","","-0.20%"
"12/07/2024","25,410.0","25,415.0","25,445.0","25,410.0","","-0.05%"
"11/07/2024","25,423.0","25,420.0","25,425.0","25,413.0","","0.03%"
"10/07/2024","25,415.0","25,415.0","25,445.0","25,410.0","","0.01%"
"09/07/2024","25,413.0","25,410.0","25,452.0","25,410.0","","-0.01%"
"08/07/2024","25,415.0","25,400.0","25,452.0","25,400.0","","0.01%"
"05/07/2024","25,412.0","25,445.0","25,453.0","25,360.0","","-0.15%"
"04/07/2024","25,450.0","25,450.0","25,453.0","25,443.0","","0.00%"
"03/07/2024","25,450.0","25,445.0","25,452.0","25,443.0","","0.00%"
"02/07/2024","25,450.0","25,445.0","25,454.0","25,445.0","","0.00%"
"01/07/2024","25,450.0","25,445.0","25,455.0","25,440.0","","0.02%"
"28/06/2024","25,445.0","25,455.0","25,460.0","25,440.0","","-0.04%"
"27/06/2024","25,455.0","25,465.0","25,465.0","25,455.0","","-0.04%"
"26/06/2024","25,465.0","25,453.0","25,468.0","25,448.0","","0.04%"
"25/06/2024","25,455.0","25,455.0","25,460.0","25,440.0","","0.00%"
"24/06/2024","25,455.0","25,452.0","25,455.0","25,448.0","","0.02%"
"21/06/2024","25,450.0","25,450.0","25,455.0","25,445.0","","0.00%"
"20/06/2024","25,450.0","25,450.0","25,453.0","25,410.0","","0.00%"
"19/06/2024","25,450.0","25,450.0","25,454.0","25,435.0","","0.02%"
"18/06/2024","25,445.0","25,450.0","25,455.0","25,443.0","","-0.02%"
"17/06/2024","25,450.0","25,450.0","25,455.0","25,410.0","","0.00%"
"14/06/2024","25,450.0","25,445.0","25,450.0","25,410.0","","0.06%"
"13/06/2024","25,435.0","25,430.0","25,440.0","25,415.0","","0.00%"
"12/06/2024","25,435.0","25,435.0","25,447.0","25,410.0","","0.00%"
"11/06/2024","25,435.0","25,420.0","25,440.0","25,410.0","","0.08%"
"10/06/2024","25,415.0","25,410.0","25,454.0","25,405.0","","0.06%"
"07/06/2024","25,400.0","25,425.0","25,428.0","25,400.0","","-0.08%"
"06/06/2024","25,420.0","25,415.0","25,430.0","25,400.0","","0.02%"
"05/06/2024","25,415.0","25,405.0","25,418.0","25,400.0","","0.02%"
"04/06/2024","25,410.0","25,405.0","25,426.0","25,400.0","","-0.09%"
"03/06/2024","25,432.0","25,430.0","25,454.0","25,400.0","","-0.03%"
"31/05/2024","25,440.0","25,455.0","25,456.0","25,440.0","","-0.04%"
"30/05/2024","25,450.0","25,453.0","25,455.0","25,449.0","","0.00%"
"29/05/2024","25,450.0","25,450.0","25,455.0","25,445.0","","0.01%"
"28/05/2024","25,448.0","25,470.0","25,471.0","25,440.0","","0.01%"
"27/05/2024","25,445.0","25,448.0","25,472.0","25,445.0","","-0.08%"
"24/05/2024","25,465.0","25,475.0","25,476.0","25,460.0","","-0.02%"
"23/05/2024","25,469.0","25,465.0","25,470.0","25,440.0","","0.02%"
"22/05/2024","25,464.0","25,460.0","25,465.0","25,440.0","","0.01%"
"21/05/2024","25,461.0","25,453.0","25,461.0","25,425.0","","0.04%"
"20/05/2024","25,452.0","25,453.0","25,454.0","25,440.0","","0.02%"
"17/05/2024","25,448.0","25,453.0","25,453.0","25,430.0","","0.07%"
"16/05/2024","25,431.0","25,420.0","25,453.0","25,398.0","","-0.06%"
"15/05/2024","25,445.0","25,445.0","25,453.0","25,440.0","","-0.02%"
"14/05/2024","25,450.0","25,450.0","25,455.0","25,440.0","","-0.01%"
"13/05/2024","25,453.0","25,442.0","25,453.0","25,430.0","","0.01%"
"10/05/2024","25,450.0","25,440.0","25,453.0","25,430.0","","0.04%"
"09/05/2024","25,440.0","25,435.0","25,440.0","25,420.0","","0.06%"
"08/05/2024","25,425.0","25,420.0","25,432.0","25,390.0","","0.10%"
"07/05/2024","25,400.0","25,390.0","25,405.0","25,370.0","","0.12%"
"06/05/2024","25,370.0","25,380.0","25,410.0","25,350.0","","-0.12%"
"03/05/2024","25,400.0","25,410.0","25,416.0","25,400.0","","0.04%"
"02/05/2024","25,390.0","25,355.0","25,390.0","25,310.0","","0.24%"
"26/04/2024","25,330.0","25,340.0","25,370.0","25,310.0","","-0.08%"
"25/04/2024","25,350.0","25,380.0","25,440.0","25,300.0","","-0.22%"
"24/04/2024","25,405.0","25,440.0","25,455.0","25,395.0","","-0.14%"
"23/04/2024","25,440.0","25,450.0","25,458.0","25,440.0","","-0.06%"
"22/04/2024","25,455.0","25,430.0","25,458.0","25,430.0","","0.06%"
"19/04/2024","25,440.0","25,450.0","25,453.0","25,400.0","","0.16%"
"17/04/2024","25,400.0","25,330.0","25,420.0","25,330.0","","0.47%"
"16/04/2024","25,280.0","25,255.0","25,285.0","25,240.0","","0.40%"
"15/04/2024","25,180.0","25,020.0","25,180.0","24,993.0","","0.66%"
"12/04/2024","25,015.0","24,975.0","25,015.0","24,955.0","","0.14%"
"11/04/2024","24,980.0","24,990.0","25,005.0","24,945.0","","0.18%"
"10/04/2024","24,935.0","24,945.0","24,952.0","24,935.0","","-0.04%"
"09/04/2024","24,945.0","24,955.0","25,000.0","24,940.0","","-0.06%"
"08/04/2024","24,960.0","24,920.0","24,965.0","24,920.0","","0.04%"
"05/04/2024","24,950.0","24,955.0","25,000.0","24,940.0","","0.06%"
"04/04/2024","24,935.0","24,990.0","25,008.0","24,900.0","","-0.26%"
"03/04/2024","25,000.0","24,925.0","25,000.0","24,900.0","","0.40%"
"02/04/2024","24,900.0","24,800.0","24,925.0","24,790.0","","0.42%"
"01/04/2024","24,795.0","24,810.0","24,812.0","24,760.0","","-0.06%"
"29/03/2024","24,810.0","24,780.0","24,810.0","24,780.0","","0.08%"
"28/03/2024","24,790.0","24,800.0","24,812.0","24,760.0","","0.02%"
"27/03/2024","24,785.0","24,770.0","24,790.0","24,770.0","","0.06%"
"26/03/2024","24,770.0","24,760.0","24,785.0","24,740.0","","0.12%"
"25/03/2024","24,740.0","24,797.0","24,797.0","24,740.0","","-0.11%"
"22/03/2024","24,768.0","24,790.0","24,813.0","24,750.0","","-0.07%"
"21/03/2024","24,785.0","24,760.0","24,793.0","24,760.0","","0.04%"
"20/03/2024","24,775.0","24,760.0","24,775.0","24,705.0","","0.14%"
"19/03/2024","24,740.0","24,720.0","24,745.0","24,690.0","","0.10%"
"18/03/2024","24,715.0","24,730.0","24,730.0","24,680.0","","0.02%"
"15/03/2024","24,710.0","24,710.0","24,733.0","24,690.0","","0.08%"
"14/03/2024","24,690.0","24,675.0","24,700.0","24,633.0","","0.06%"
"13/03/2024","24,675.0","24,640.0","24,680.0","24,630.0","","0.12%"
"12/03/2024","24,645.0","24,640.0","24,645.0","24,615.0","","0.04%"
"11/03/2024","24,635.0","24,635.0","24,660.0","24,590.0","","-0.02%"
"08/03/2024","24,640.0","24,675.0","24,690.0","24,615.0","","-0.16%"
"07/03/2024","24,680.0","24,640.0","24,705.0","24,640.0","","0.06%"
"06/03/2024","24,665.0","24,695.0","24,713.0","24,640.0","","-0.10%"
"05/03/2024","24,690.0","24,675.0","24,695.0","24,648.0","","0.06%"
"04/03/2024","24,676.0","24,650.0","24,690.0","24,648.0","","0.15%"
"01/03/2024","24,640.0","24,640.0","24,650.0","24,635.0","","0.00%"
"29/02/2024","24,640.0","24,635.0","24,650.0","24,635.0","","0.08%"
"28/02/2024","24,620.0","24,635.0","24,645.0","24,600.0","","-0.02%"
"27/02/2024","24,625.0","24,655.0","24,663.0","24,625.0","","-0.14%"
"26/02/2024","24,660.0","24,635.0","24,700.0","24,630.0","","0.12%"
"23/02/2024","24,630.0","24,595.0","24,640.0","24,590.0","","0.16%"
"22/02/2024","24,590.0","24,540.0","24,600.0","24,540.0","","0.27%"
"21/02/2024","24,525.0","24,530.0","24,540.0","24,480.0","","0.00%"
"20/02/2024","24,525.0","24,530.0","24,540.0","24,520.0","","-0.02%"
"19/02/2024","24,530.0","24,510.0","24,530.0","24,480.0","","0.08%"
"16/02/2024","24,510.0","24,415.0","24,535.0","24,415.0","","0.25%"
"15/02/2024","24,450.0","24,430.0","24,450.0","24,390.0","","0.20%"
"07/02/2024","24,400.0","24,350.0","24,450.0","24,350.0","","0.18%"
"06/02/2024","24,355.0","24,370.0","24,375.0","24,335.0","","-0.06%"
"05/02/2024","24,370.0","24,400.0","24,405.0","24,350.0","","0.14%"
"02/02/2024","24,335.0","24,380.0","24,405.0","24,310.0","","-0.27%"
"01/02/2024","24,400.0","24,412.0","24,415.0","24,350.0","","-0.06%"
"31/01/2024","24,415.0","24,380.0","24,455.0","24,380.0","","0.08%"
"30/01/2024","24,395.0","24,500.0","24,500.0","24,380.0","","-0.55%"
"29/01/2024","24,530.0","24,580.0","24,600.0","24,525.0","","-0.26%"
"26/01/2024","24,595.0","24,605.0","24,615.0","24,595.0","","-0.04%"
"25/01/2024","24,605.0","24,580.0","24,605.0","24,570.0","","0.02%"
"24/01/2024","24,600.0","24,565.0","24,610.0","24,531.0","","0.14%"
"23/01/2024","24,565.0","24,555.0","24,565.0","24,500.0","","0.06%"
"22/01/2024","24,550.0","24,520.0","24,550.0","24,500.0","","0.04%"
"19/01/2024","24,540.0","24,535.0","24,560.0","24,530.0","","-0.02%"
"18/01/2024","24,545.0","24,500.0","24,570.0","24,500.0","","0.06%"
"17/01/2024","24,530.0","24,500.0","24,543.0","24,500.0","","0.12%"
"16/01/2024","24,500.0","24,490.0","24,535.0","24,460.0","","0.12%"
"15/01/2024","24,470.0","24,455.0","24,480.0","24,455.0","","-0.08%"
"12/01/2024","24,490.0","24,480.0","24,520.0","24,470.0","","0.06%"
"11/01/2024","24,475.0","24,440.0","24,480.0","24,430.0","","0.29%"
"10/01/2024","24,405.0","24,360.0","24,405.0","24,335.0","","0.18%"
"09/01/2024","24,360.0","24,340.0","24,385.0","24,330.0","","0.12%"
"08/01/2024","24,330.0","24,360.0","24,380.0","24,320.0","","-0.16%"
"05/01/2024","24,370.0","24,360.0","24,370.0","24,334.0","","0.04%"
"04/01/2024","24,360.0","24,355.0","24,390.0","24,355.0","","-0.04%"
"03/01/2024","24,370.0","24,330.0","24,375.0","24,305.0","","0.18%"
"02/01/2024","24,325.0","24,250.0","24,330.0","24,240.0","","0.27%"
"29/12/2023","24,260.0","24,250.0","24,290.0","24,230.0","","0.10%"
"28/12/2023","24,235.0","24,290.0","24,310.0","24,235.0","","-0.45%"
"27/12/2023","24,345.0","24,360.0","24,382.0","24,300.0","","0.08%"
"26/12/2023","24,325.0","24,240.0","24,325.0","24,205.0","","0.39%"
"25/12/2023","24,230.0","24,200.0","24,260.0","24,170.0","","-0.02%"
"22/12/2023","24,235.0","24,290.0","24,300.0","24,220.0","","-0.35%"
"21/12/2023","24,320.0","24,330.0","24,350.0","24,315.0","","-0.06%"
"20/12/2023","24,335.0","24,320.0","24,343.0","24,270.0","","-0.06%"
"19/12/2023","24,350.0","24,350.0","24,373.0","24,330.0","","0.00%"
"18/12/2023","24,350.0","24,260.0","24,360.0","24,220.0","","0.37%"
"15/12/2023","24,260.0","24,230.0","24,260.0","24,210.0","","0.06%"
"14/12/2023","24,245.0","24,220.0","24,260.0","24,180.0","","-0.14%"
"13/12/2023","24,279.0","24,255.0","24,279.0","24,250.0","","0.08%"
"12/12/2023","24,260.0","24,260.0","24,275.0","24,260.0","","0.04%"
"11/12/2023","24,250.0","24,200.0","24,270.0","24,170.0","","0.12%"
"08/12/2023","24,220.0","24,250.0","24,260.0","24,220.0","","-0.23%"
"07/12/2023","24,275.0","24,270.0","24,280.0","24,260.0","","0.00%"
"06/12/2023","24,274.0","24,270.0","24,295.0","24,250.0","","0.03%"
"05/12/2023","24,266.0","24,240.0","24,277.0","24,220.0","","0.07%"
"04/12/2023","24,250.0","24,260.0","24,290.0","24,220.0","","-0.16%"
"01/12/2023","24,290.0","24,285.0","24,305.0","24,250.0","","0.16%"
"30/11/2023","24,250.0","24,250.0","24,270.0","24,195.0","","-0.04%"
"29/11/2023","24,260.0","24,180.0","24,260.0","24,180.0","","0.12%"
"28/11/2023","24,230.0","24,250.0","24,255.0","24,220.0","","0.00%"
"27/11/2023","24,230.0","24,220.0","24,260.0","24,215.0","","-0.12%"
"24/11/2023","24,260.0","24,250.0","24,272.0","24,200.0","","0.08%"
"23/11/2023","24,240.0","24,200.0","24,240.0","24,160.0","","0.14%"
"22/11/2023","24,205.0","24,130.0","24,205.0","24,130.0","","0.31%"
"21/11/2023","24,130.0","24,100.0","24,160.0","24,090.0","","-0.17%"
"20/11/2023","24,170.0","24,200.0","24,225.0","24,150.0","","-0.33%"
"17/11/2023","24,250.0","24,290.0","24,290.0","24,220.0","","-0.16%"
"16/11/2023","24,288.0","24,286.0","24,305.0","24,270.0","","-0.01%"
"15/11/2023","24,290.0","24,376.0","24,376.0","24,267.0","","-0.27%"
"14/11/2023","24,355.0","24,381.0","24,383.0","24,350.0","","-0.11%"
"13/11/2023","24,383.0","24,310.0","24,391.0","24,310.0","","0.28%"
"10/11/2023","24,315.0","24,370.0","24,370.0","24,290.0","","-0.10%"
"09/11/2023","24,340.0","24,365.0","24,385.0","24,320.0","","-0.12%"
"08/11/2023","24,370.0","24,330.0","24,370.0","24,280.0","","0.25%"
"07/11/2023","24,310.0","24,345.0","24,345.0","24,255.0","","-0.10%"
"06/11/2023","24,335.0","24,560.0","24,560.0","24,300.0","","-0.75%"
"03/11/2023","24,520.0","24,560.0","24,570.0","24,520.0","","-0.20%"
"02/11/2023","24,570.0","24,555.0","24,580.0","24,550.0","","-0.06%"
"01/11/2023","24,585.0","24,565.0","24,586.0","24,550.0","","0.10%"
"31/10/2023","24,560.0","24,540.0","24,567.0","24,540.0","","0.01%"
"30/10/2023","24,558.0","24,560.0","24,580.0","24,550.0","","-0.05%"
"27/10/2023","24,570.0","24,604.0","24,604.0","24,550.0","","-0.08%"
"26/10/2023","24,590.0","24,570.0","24,610.0","24,560.0","","0.12%"
"25/10/2023","24,560.0","24,555.0","24,575.0","24,540.0","","0.04%"
"24/10/2023","24,550.0","24,540.0","24,590.0","24,515.0","","-0.16%"
"23/10/2023","24,590.0","24,510.0","24,605.0","24,480.0","","0.29%"
"20/10/2023","24,520.0","24,550.0","24,575.0","24,470.0","","-0.12%"
"19/10/2023","24,550.0","24,570.0","24,590.0","24,480.0","","-0.02%"
"18/10/2023","24,555.0","24,480.0","24,555.0","24,470.0","","0.27%"
"17/10/2023","24,490.0","24,452.0","24,493.0","24,450.0","","0.12%"
"16/10/2023","24,460.0","24,440.0","24,473.0","24,435.0","","0.08%"
"13/10/2023","24,440.0","24,470.0","24,470.0","24,430.0","","0.02%"
"12/10/2023","24,435.0","24,430.0","24,450.0","24,420.0","","-0.02%"
"11/10/2023","24,440.0","24,399.0","24,440.0","24,375.0","","0.21%"
"10/10/2023","24,390.0","24,390.0","24,415.0","24,370.0","","0.08%"
"09/10/2023","24,370.0","24,350.0","24,400.0","24,345.0","","0.04%"
"06/10/2023","24,360.0","24,350.0","24,426.0","24,350.0","","-0.08%"
"05/10/2023","24,380.0","24,390.0","24,426.0","24,370.0","","-0.16%"
"04/10/2023","24,420.0","24,380.0","24,430.0","24,370.0","","0.14%"
"03/10/2023","24,385.0","24,360.0","24,408.0","24,360.0","","0.18%"
"02/10/2023","24,340.0","24,290.0","24,370.0","24,290.0","","0.25%"
"29/09/2023","24,280.0","24,410.0","24,410.0","24,245.0","","-0.43%"
"28/09/2023","24,385.0","24,420.0","24,430.0","24,380.0","","0.00%"
"27/09/2023","24,385.0","24,430.0","24,430.0","24,369.0","","0.02%"
"26/09/2023","24,380.0","24,350.0","24,435.0","24,350.0","","0.00%"
"25/09/2023","24,380.0","24,320.0","24,385.0","24,320.0","","0.08%"
"22/09/2023","24,360.0","24,300.0","24,360.0","24,280.0","","0.21%"
"21/09/2023","24,310.0","24,270.0","24,320.0","24,240.0","","0.16%"
"20/09/2023","24,270.0","24,360.0","24,370.0","24,270.0","","-0.41%"
"19/09/2023","24,370.0","24,370.0","24,408.0","24,370.0","","0.00%"
"18/09/2023","24,370.0","24,260.0","24,370.0","24,250.0","","0.49%"
"15/09/2023","24,250.0","24,240.0","24,260.0","24,228.0","","0.12%"
"14/09/2023","24,220.0","24,155.0","24,230.0","24,150.0","","0.27%"
"13/09/2023","24,155.0","24,080.0","24,168.0","24,080.0","","0.23%"
"12/09/2023","24,100.0","24,070.0","24,100.0","24,070.0","","0.10%"
"11/09/2023","24,075.0","24,060.0","24,075.0","24,040.0","","0.08%"
"08/09/2023","24,055.0","24,050.0","24,100.0","24,050.0","","-0.02%"
"07/09/2023","24,060.0","24,050.0","24,095.0","24,030.0","","0.02%"
"06/09/2023","24,055.0","24,070.0","24,095.0","23,990.0","","0.02%"
"05/09/2023","24,050.0","24,110.0","24,110.0","24,045.0","","-0.04%"
"31/08/2023","24,060.0","24,080.0","24,095.0","24,050.0","","-0.21%"
"30/08/2023","24,110.0","24,150.0","24,183.0","24,100.0","","-0.29%"
"29/08/2023","24,180.0","24,160.0","24,195.0","24,140.0","","0.42%"
"28/08/2023","24,080.0","23,990.0","24,080.0","23,950.0","","0.23%"
"25/08/2023","24,024.0","24,025.0","24,025.0","23,970.0","","0.12%"
"24/08/2023","23,995.0","23,985.0","23,996.0","23,960.0","","0.04%"
"23/08/2023","23,985.0","23,990.0","24,007.0","23,950.0","","0.27%"
"22/08/2023","23,920.0","23,800.0","23,920.0","23,800.0","","0.48%"
"21/08/2023","23,805.0","23,780.0","23,808.0","23,740.0","","0.00%"
"18/08/2023","23,805.0","23,850.0","23,860.0","23,770.0","","-0.19%"
"17/08/2023","23,850.0","23,950.0","23,960.0","23,850.0","","-0.36%"
"16/08/2023","23,935.0","23,950.0","24,000.0","23,905.0","","-0.13%"
"15/08/2023","23,965.0","23,845.0","23,965.0","23,820.0","","0.63%"
"14/08/2023","23,815.0","23,760.0","23,816.0","23,720.0","","0.27%"
"11/08/2023","23,750.0","23,740.0","23,750.0","23,680.0","","0.04%"
"10/08/2023","23,740.0","23,730.0","23,750.0","23,705.0","","0.02%"
"09/08/2023","23,735.0","23,725.0","23,743.0","23,680.0","","0.02%"
"08/08/2023","23,730.0","23,735.0","23,738.0","23,692.0","","0.04%"
"07/08/2023","23,720.0","23,700.0","23,740.0","23,670.0","","-0.02%"
"04/08/2023","23,725.0","23,740.0","23,757.0","23,682.0","","-0.11%"
"03/08/2023","23,750.0","23,760.0","23,768.0","23,740.0","","0.06%"
"02/08/2023","23,735.0","23,685.0","23,743.0","23,660.0","","0.23%"
"01/08/2023","23,680.0","23,670.0","23,685.0","23,660.0","","0.00%"
"31/07/2023","23,680.0","23,675.0","23,685.0","23,660.0","","-0.02%"
"28/07/2023","23,685.0","23,660.0","23,692.0","23,660.0","","0.10%"
"27/07/2023","23,661.0","23,665.0","23,670.0","23,650.0","","-0.02%"
"26/07/2023","23,665.0","23,660.0","23,675.0","23,660.0","","0.04%"
"25/07/2023","23,655.0","23,670.0","23,682.0","23,650.0","","-0.04%"
"24/07/2023","23,665.0","23,660.0","23,668.0","23,643.0","","0.04%"
"21/07/2023","23,656.0","23,655.0","23,665.0","23,630.0","","0.04%"
"20/07/2023","23,647.0","23,685.0","23,685.0","23,630.0","","0.07%"
"19/07/2023","23,630.0","23,635.0","23,647.0","23,620.0","","-0.02%"
"18/07/2023","23,635.0","23,625.0","23,643.0","23,620.0","","0.02%"
"17/07/2023","23,630.0","23,635.0","23,670.0","23,620.0","","0.00%"
"14/07/2023","23,630.0","23,650.0","23,655.0","23,620.0","","-0.15%"
"13/07/2023","23,665.0","23,610.0","23,670.0","23,610.0","","0.02%"
"12/07/2023","23,660.0","23,690.0","23,690.0","23,650.0","","-0.13%"
"11/07/2023","23,690.0","23,625.0","23,705.0","23,625.0","","0.21%"
"10/07/2023","23,640.0","23,620.0","23,665.0","23,601.0","","0.02%"
"07/07/2023","23,635.0","23,705.0","23,710.0","23,630.0","","-0.32%"
"06/07/2023","23,710.0","23,765.0","23,765.0","23,700.0","","-0.15%"
"05/07/2023","23,745.0","23,710.0","23,780.0","23,710.0","","0.19%"
"04/07/2023","23,700.0","23,680.0","23,700.0","23,650.0","","0.02%"
"03/07/2023","23,695.0","23,543.0","23,695.0","23,543.0","","0.51%"
"30/06/2023","23,575.0","23,575.0","23,588.0","23,520.0","","0.03%"
"29/06/2023","23,569.0","23,570.0","23,577.0","23,530.0","","0.06%"
"28/06/2023","23,555.0","23,530.0","23,555.0","23,523.0","","0.15%"
"27/06/2023","23,520.0","23,538.0","23,538.0","23,510.0","","-0.04%"
"26/06/2023","23,530.0","23,515.0","23,530.0","23,485.0","","0.06%"
"23/06/2023","23,515.0","23,515.0","23,520.0","23,495.0","","0.00%"
"22/06/2023","23,515.0","23,495.0","23,520.0","23,495.0","","0.04%"
"21/06/2023","23,505.0","23,520.0","23,528.0","23,505.0","","-0.06%"
"20/06/2023","23,520.0","23,530.0","23,530.0","23,510.0","","0.00%"
"19/06/2023","23,520.0","23,523.0","23,523.0","23,505.0","","0.00%"
"16/06/2023","23,520.0","23,520.0","23,535.0","23,510.0","","-0.02%"
"15/06/2023","23,525.0","23,505.0","23,538.0","23,470.0","","0.11%"
"14/06/2023","23,500.0","23,498.0","23,508.0","23,498.0","","0.02%"
"13/06/2023","23,495.0","23,493.0","23,498.0","23,480.0","","0.06%"
"12/06/2023","23,480.0","23,465.0","23,482.0","23,465.0","","0.04%"
"09/06/2023","23,470.0","23,480.0","23,490.0","23,470.0","","-0.09%"
"08/06/2023","23,490.0","23,482.0","23,495.0","23,480.0","","0.02%"
"07/06/2023","23,485.0","23,480.0","23,490.0","23,470.0","","0.00%"
"06/06/2023","23,485.0","23,490.0","23,490.0","23,465.0","","-0.04%"
"05/06/2023","23,495.0","23,480.0","23,504.0","23,465.0","","0.09%"
"02/06/2023","23,475.0","23,475.0","23,477.0","23,450.0","","-0.04%"
"01/06/2023","23,485.0","23,490.0","23,490.0","23,470.0","","0.00%"
"31/05/2023","23,485.0","23,480.0","23,494.0","23,480.0","","0.02%"
"30/05/2023","23,480.0","23,470.0","23,487.0","23,470.0","","0.06%"
"29/05/2023","23,465.0","23,475.0","23,478.0","23,460.0","","-0.04%"
"26/05/2023","23,475.0","23,470.0","23,480.0","23,470.0","","0.02%"
"25/05/2023","23,470.0","23,480.0","23,490.0","23,465.0","","0.00%"
"24/05/2023","23,470.0","23,480.0","23,500.0","23,444.0","","0.00%"
"23/05/2023","23,470.0","23,439.0","23,475.0","23,439.0","","0.14%"
"22/05/2023","23,438.0","23,445.0","23,465.0","23,433.0","","-0.09%"
"19/05/2023","23,460.0","23,455.0","23,492.0","23,425.0","","0.04%"
"18/05/2023","23,450.0","23,450.0","23,450.0","23,400.0","","0.00%"
"17/05/2023","23,450.0","23,450.0","23,451.0","23,442.0","","0.00%"
"16/05/2023","23,450.0","23,452.0","23,470.0","23,445.0","","-0.03%"
"15/05/2023","23,458.0","23,458.0","23,468.0","23,440.0","","0.03%"
"12/05/2023","23,450.0","23,455.0","23,470.0","23,450.0","","-0.06%"
"11/05/2023","23,465.0","23,465.0","23,470.0","23,460.0","","0.00%"
"10/05/2023","23,465.0","23,460.0","23,470.0","23,448.0","","0.02%"
"09/05/2023","23,460.0","23,445.0","23,463.0","23,445.0","","0.07%"
"08/05/2023","23,443.0","23,445.0","23,450.0","23,440.0","","0.01%"
"05/05/2023","23,440.0","23,445.0","23,450.0","23,440.0","","-0.02%"
"04/05/2023","23,445.0","23,445.0","23,455.0","23,440.0","","-0.02%"
"28/04/2023","23,450.0","23,445.0","23,480.0","23,445.0","","0.02%"
"27/04/2023","23,445.0","23,465.0","23,485.0","23,445.0","","-0.09%"
"26/04/2023","23,465.0","23,490.0","23,490.0","23,465.0","","-0.03%"
"25/04/2023","23,473.0","23,470.0","23,494.0","23,470.0","","-0.09%"
"24/04/2023","23,494.0","23,480.0","23,494.0","23,470.0","","0.04%"
"21/04/2023","23,485.0","23,485.0","23,497.0","23,445.0","","-0.01%"
"20/04/2023","23,488.0","23,490.0","23,505.0","23,475.0","","-0.10%"
"19/04/2023","23,511.0","23,510.0","23,511.0","23,451.0","","0.03%"
"18/04/2023","23,505.0","23,500.0","23,509.0","23,470.0","","0.09%"
"17/04/2023","23,485.0","23,450.0","23,490.0","23,443.0","","0.19%"
"14/04/2023","23,440.0","23,445.0","23,447.0","23,440.0","","0.00%"
"13/04/2023","23,440.0","23,442.0","23,447.0","23,435.0","","-0.01%"
"12/04/2023","23,442.0","23,445.0","23,449.0","23,440.0","","-0.01%"
"11/04/2023","23,445.0","23,442.0","23,449.0","23,439.0","","0.02%"
"10/04/2023","23,440.0","23,445.0","23,450.0","23,437.0","","-0.01%"
"07/04/2023","23,442.0","23,440.0","23,450.0","23,440.0","","-0.04%"
"06/04/2023","23,451.0","23,450.0","23,470.0","23,445.0","","-0.06%"
"05/04/2023","23,465.0","23,460.0","23,465.0","23,450.0","","0.02%"
"04/04/2023","23,460.0","23,470.0","23,490.0","23,451.0","","-0.04%"
"03/04/2023","23,470.0","23,455.0","23,510.0","23,451.0","","0.09%"
"31/03/2023","23,450.0","23,460.0","23,505.0","23,450.0","","-0.09%"
"30/03/2023","23,470.0","23,470.0","23,484.0","23,465.0","","-0.04%"
"29/03/2023","23,480.0","23,510.0","23,510.0","23,475.0","","0.00%"
"28/03/2023","23,480.0","23,507.0","23,515.0","23,480.0","","-0.09%"
"27/03/2023","23,500.0","23,510.0","23,525.0","23,500.0","","-0.04%"
"24/03/2023","23,510.0","23,510.0","23,510.0","23,490.0","","0.09%"
"23/03/2023","23,490.0","23,500.0","23,510.0","23,480.0","","-0.09%"
"22/03/2023","23,510.0","23,550.0","23,550.0","23,480.0","","-0.25%"
"21/03/2023","23,570.0","23,580.0","23,585.0","23,570.0","","0.00%"
"20/03/2023","23,570.0","23,580.0","23,580.0","23,570.0","","0.00%"
"17/03/2023","23,570.0","23,570.0","23,595.0","23,570.0","","0.04%"
"16/03/2023","23,560.0","23,570.0","23,580.0","23,555.0","","-0.02%"
"15/03/2023","23,565.0","23,570.0","23,595.0","23,565.0","","-0.02%"
"14/03/2023","23,570.0","23,565.0","23,600.0","23,560.0","","0.00%"
"13/03/2023","23,570.0","23,650.0","23,650.0","23,530.0","","-0.38%"
"10/03/2023","23,660.0","23,680.0","23,700.0","23,660.0","","-0.08%"
"09/03/2023","23,680.0","23,710.0","23,712.0","23,680.0","","-0.13%"
"08/03/2023","23,710.0","23,700.0","23,750.0","23,680.0","","0.30%"
"07/03/2023","23,640.0","23,620.0","23,660.0","23,595.0","","-0.04%"
"06/03/2023","23,650.0","23,710.0","23,726.0","23,645.0","","-0.25%"
"03/03/2023","23,710.0","23,710.0","23,727.0","23,705.0","","0.04%"
"02/03/2023","23,700.0","23,700.0","23,730.0","23,690.0","","-0.04%"
"01/03/2023","23,710.0","23,730.0","23,780.0","23,710.0","","-0.13%"
"28/02/2023","23,740.0","23,780.0","23,795.0","23,740.0","","-0.27%"
"27/02/2023","23,805.0","23,800.0","23,820.0","23,783.0","","0.11%"
"24/02/2023","23,780.0","23,815.0","23,835.0","23,760.0","","-0.15%"
"23/02/2023","23,815.0","23,850.0","23,850.0","23,740.0","","0.15%"
"22/02/2023","23,780.0","23,720.0","23,790.0","23,720.0","","0.32%"
"21/02/2023","23,705.0","23,725.0","23,770.0","23,680.0","","-0.08%"
"20/02/2023","23,725.0","23,820.0","23,840.0","23,680.0","","-0.36%"
"17/02/2023","23,810.0","23,770.0","23,820.0","23,750.0","","0.55%"
"16/02/2023","23,680.0","23,630.0","23,685.0","23,605.0","","0.28%"
"15/02/2023","23,615.0","23,600.0","23,633.0","23,600.0","","0.06%"
"14/02/2023","23,600.0","23,595.0","23,615.0","23,585.0","","0.02%"
"13/02/2023","23,595.0","23,580.0","23,600.0","23,547.0","","0.13%"
"10/02/2023","23,565.0","23,565.0","23,620.0","23,560.0","","0.02%"
"09/02/2023","23,560.0","23,600.0","23,630.0","23,555.0","","-0.13%"
"08/02/2023","23,590.0","23,600.0","23,619.0","23,580.0","","-0.04%"
"07/02/2023","23,600.0","23,495.0","23,600.0","23,495.0","","0.51%"
"06/02/2023","23,480.0","23,450.0","23,500.0","23,450.0","","0.17%"
"03/02/2023","23,440.0","23,445.0","23,500.0","23,440.0","","-0.04%"
"02/02/2023","23,449.0","23,448.0","23,449.0","23,435.0","","0.04%"
"01/02/2023","23,440.0","23,448.0","23,490.0","23,440.0","","-0.02%"
"31/01/2023","23,445.0","23,440.0","23,471.0","23,440.0","","-0.11%"
"30/01/2023","23,470.0","23,465.0","23,470.0","23,440.0","","0.04%"
"27/01/2023","23,460.0","23,475.0","23,475.0","23,440.0","","0.09%"
"19/01/2023","23,440.0","23,440.0","23,475.0","23,430.0","","0.01%"
"18/01/2023","23,437.0","23,430.0","23,450.0","23,425.0","","0.04%"
"17/01/2023","23,427.0","23,434.0","23,445.0","23,425.0","","-0.08%"
"16/01/2023","23,445.0","23,435.0","23,445.0","23,422.0","","0.04%"
"13/01/2023","23,435.0","23,440.0","23,448.0","23,435.0","0.02K","-0.01%"
"12/01/2023","23,438.0","23,440.0","23,450.0","23,437.0","0.02K","-0.01%"
"11/01/2023","23,440.0","23,445.0","23,450.0","23,440.0","0.02K","-0.02%"
"10/01/2023","23,445.0","23,445.0","23,480.0","23,445.0","0.02K","-0.01%"
"09/01/2023","23,447.0","23,465.0","23,480.0","23,447.0","0.02K","-0.06%"
"06/01/2023","23,460.0","23,475.0","23,510.0","23,450.0","0.02K","-0.06%"
"05/01/2023","23,475.0","23,505.0","23,510.0","23,460.0","0.03K","-0.15%"
"04/01/2023","23,510.0","23,515.0","23,545.0","23,500.0","0.03K","-0.02%"
"03/01/2023","23,515.0","23,550.0","23,580.0","23,475.0","0.04K","-0.40%"
"30/12/2022","23,610.0","23,600.0","23,630.0","23,540.0","0.02K","0.04%"
"29/12/2022","23,600.0","23,625.0","23,660.0","23,600.0","0.03K","-0.08%"
"28/12/2022","23,620.0","23,580.0","23,625.0","23,570.0","0.04K","0.17%"
"27/12/2022","23,580.0","23,590.0","23,620.0","23,550.0","0.03K","-0.04%"
"26/12/2022","23,590.0","23,580.0","23,645.0","23,580.0","0.03K","0.13%"
"23/12/2022","23,560.0","23,620.0","23,620.0","23,550.0","0.03K","-0.30%"
"22/12/2022","23,630.0","23,690.0","23,720.0","23,630.0","0.05K","-0.30%"
"21/12/2022","23,700.0","23,720.0","23,740.0","23,670.0","0.03K","-0.13%"
"20/12/2022","23,730.0","23,760.0","23,830.0","23,710.0","0.06K","0.13%"
"19/12/2022","23,700.0","23,590.0","23,700.0","23,580.0","0.02K","0.51%"
"16/12/2022","23,580.0","23,530.0","23,590.0","23,515.0","0.03K","0.34%"
"15/12/2022","23,500.0","23,520.0","23,545.0","23,480.0","0.03K","-0.09%"
"14/12/2022","23,520.0","23,500.0","23,550.0","23,450.0","0.04K","-0.34%"
"13/12/2022","23,600.0","23,680.0","23,680.0","23,550.0","0.04K","-0.34%"
"12/12/2022","23,680.0","23,550.0","23,680.0","23,500.0","0.04K","0.55%"
"09/12/2022","23,550.0","23,600.0","23,600.0","23,490.0","0.02K","-0.97%"
"08/12/2022","23,780.0","23,870.0","23,900.0","23,780.0","0.03K","-0.50%"
"07/12/2022","23,900.0","23,980.0","24,000.0","23,810.0","0.05K","-0.33%"
"06/12/2022","23,980.0","24,000.0","24,070.0","23,980.0","0.03K","0.00%"
"05/12/2022","23,980.0","24,090.0","24,100.0","23,900.0","0.03K","-1.52%"
"02/12/2022","24,350.0","24,430.0","24,430.0","24,350.0","0.01K","-0.61%"
"01/12/2022","24,500.0","24,520.0","24,535.0","24,475.0","0.03K","-0.53%"
"30/11/2022","24,630.0","24,730.0","24,733.0","24,630.0","0.04K","-0.48%"
"29/11/2022","24,750.0","24,755.0","24,780.0","24,700.0","0.03K","-0.08%"
"28/11/2022","24,770.0","24,770.0","24,800.0","24,765.0","0.02K","0.04%"
"25/11/2022","24,760.0","24,830.0","24,850.0","24,745.0","0.03K","-0.29%"
"24/11/2022","24,833.0","24,840.0","24,848.0","24,830.0","0.02K","-0.04%"
"23/11/2022","24,844.0","24,830.0","24,850.0","24,830.0","0.02K","-0.02%"
"22/11/2022","24,850.0","24,835.0","24,852.0","24,820.0","0.01K","0.06%"
"21/11/2022","24,835.0","24,810.0","24,835.0","24,790.0","0.02K","0.14%"
"18/11/2022","24,800.0","24,790.0","24,814.0","24,780.0","0.03K","-0.02%"
"17/11/2022","24,805.0","24,775.0","24,810.0","24,775.0","0.03K","0.12%"
"16/11/2022","24,775.0","24,763.0","24,800.0","24,760.0","0.03K","0.04%"
"15/11/2022","24,765.0","24,750.0","24,820.0","24,750.0","0.04K","0.12%"
"14/11/2022","24,735.0","24,800.0","24,805.0","24,720.0","0.04K","-0.28%"
"11/11/2022","24,805.0","24,845.0","24,867.0","24,790.0","0.04K","-0.24%"
"10/11/2022","24,865.0","24,850.0","24,869.0","24,850.0","0.02K","0.01%"
"09/11/2022","24,862.0","24,850.0","24,872.0","24,850.0","0.01K","-0.04%"
"08/11/2022","24,871.0","24,850.0","24,871.0","24,850.0","0.01K","0.00%"
"07/11/2022","24,870.0","24,854.0","24,873.0","24,830.0","0.02K","0.00%"
"04/11/2022","24,870.0","24,857.0","24,876.0","24,830.0","0.02K","0.04%"
"03/11/2022","24,860.0","24,850.0","24,870.0","24,850.0","0.02K","0.10%"
"02/11/2022","24,835.0","24,850.0","24,870.0","24,830.0","0.02K","-0.06%"
"01/11/2022","24,850.0","24,845.0","24,870.0","24,820.0","0.02K","0.04%"
"31/10/2022","24,840.0","24,820.0","24,850.0","24,820.0","0.03K","0.08%"
"28/10/2022","24,820.0","24,835.0","24,835.0","24,805.0","0.03K","-0.04%"
"27/10/2022","24,830.0","24,820.0","24,847.0","24,800.0","0.03K","0.00%"
"26/10/2022","24,830.0","24,840.0","24,855.0","24,820.0","0.03K","-0.04%"
"25/10/2022","24,840.0","24,830.0","24,855.0","24,810.0","0.02K","0.04%"
"24/10/2022","24,830.0","24,830.0","24,860.0","24,790.0","0.01K","0.04%"
"21/10/2022","24,820.0","24,535.0","24,820.0","24,535.0","0.03K","1.18%"
"20/10/2022","24,530.0","24,430.0","24,558.0","24,430.0","0.03K","0.33%"
"19/10/2022","24,450.0","24,430.0","24,560.0","24,430.0","0.04K","0.08%"
"18/10/2022","24,430.0","24,320.0","24,430.0","24,320.0","0.04K","0.49%"
"17/10/2022","24,310.0","24,110.0","24,330.0","24,110.0","0.04K","0.83%"
"14/10/2022","24,110.0","24,080.0","24,167.0","24,080.0","0.03K","-0.04%"
"13/10/2022","24,120.0","23,950.0","24,130.0","23,950.0","0.05K","0.73%"
"12/10/2022","23,945.0","23,925.0","23,960.0","23,888.0","0.04K","0.08%"
"11/10/2022","23,925.0","23,880.0","23,930.0","23,880.0","0.04K","0.23%"
"10/10/2022","23,870.0","23,880.0","23,890.0","23,870.0","0.03K","-0.02%"
"07/10/2022","23,875.0","23,875.0","23,890.0","23,850.0","0.03K","0.02%"
"06/10/2022","23,870.0","23,865.0","23,880.0","23,820.0","0.03K","0.02%"
"05/10/2022","23,865.0","23,820.0","23,905.0","23,820.0","0.03K","-0.04%"
"04/10/2022","23,875.0","23,865.0","23,905.0","23,850.0","0.04K","-0.02%"
"03/10/2022","23,880.0","23,820.0","23,907.0","23,820.0","0.05K","0.10%"
"30/09/2022","23,855.0","23,800.0","23,875.0","23,800.0","0.04K","0.15%"
"29/09/2022","23,820.0","23,740.0","23,840.0","23,740.0","0.04K","0.38%"
"28/09/2022","23,730.0","23,730.0","23,775.0","23,727.0","0.04K","0.00%"
"27/09/2022","23,730.0","23,715.0","23,731.0","23,715.0","0.03K","0.06%"
"26/09/2022","23,715.0","23,730.0","23,735.0","23,705.0","0.04K","0.06%"
"23/09/2022","23,700.0","23,710.0","23,710.0","23,700.0","0.02K","0.00%"
"22/09/2022","23,700.0","23,700.0","23,710.0","23,698.0","0.03K","0.04%"
"21/09/2022","23,690.0","23,675.0","23,694.0","23,660.0","0.03K","0.08%"
"20/09/2022","23,670.0","23,670.0","23,674.0","23,660.0","0.02K","0.00%"
"19/09/2022","23,670.0","23,650.0","23,672.0","23,640.0","0.04K","0.08%"
"16/09/2022","23,650.0","23,635.0","23,665.0","23,589.0","0.03K","0.13%"
"15/09/2022","23,620.0","23,590.0","23,620.0","23,590.0","0.04K","0.13%"
"14/09/2022","23,590.0","23,575.0","23,600.0","23,575.0","0.04K","0.16%"
"13/09/2022","23,553.0","23,530.0","23,555.0","23,518.0","0.04K","0.14%"
"12/09/2022","23,520.0","23,515.0","23,540.0","23,500.0","0.03K","0.02%"
"09/09/2022","23,515.0","23,540.0","23,565.0","23,515.0","0.04K","-0.11%"
"08/09/2022","23,542.0","23,550.0","23,590.0","23,500.0","0.07K","-0.16%"
"07/09/2022","23,580.0","23,535.0","23,620.0","23,520.0","0.05K","0.26%"
"06/09/2022","23,520.0","23,510.0","23,540.0","23,470.0","0.02K","0.06%"
"05/09/2022","23,505.0","23,455.0","23,535.0","23,440.0","0.04K","0.23%"
"31/08/2022","23,450.0","23,425.0","23,455.0","23,415.0","0.03K","0.15%"
"30/08/2022","23,415.0","23,430.0","23,430.0","23,400.0","0.04K","-0.06%"
"29/08/2022","23,430.0","23,415.0","23,440.0","23,390.0","0.05K","0.08%"
"26/08/2022","23,412.0","23,420.0","23,431.0","23,408.0","0.03K","-0.05%"
"25/08/2022","23,423.0","23,430.0","23,440.0","23,410.0","0.04K","-0.01%"
"24/08/2022","23,425.0","23,430.0","23,480.0","23,400.0","0.08K","-0.02%"
"23/08/2022","23,430.0","23,415.0","23,430.0","23,400.0","0.03K","0.09%"
"22/08/2022","23,410.0","23,400.0","23,410.0","23,397.0","0.02K","0.04%"
"19/08/2022","23,400.0","23,401.0","23,401.0","23,395.0","0.02K","0.00%"
"18/08/2022","23,401.0","23,400.0","23,401.0","23,390.0","0.03K","0.00%"
"17/08/2022","23,401.0","23,403.0","23,406.0","23,395.0","0.03K","-0.01%"
"16/08/2022","23,403.0","23,405.0","23,407.0","23,380.0","0.03K","0.01%"
"15/08/2022","23,400.0","23,395.0","23,405.0","23,390.0","0.03K","0.03%"
"12/08/2022","23,392.0","23,393.0","23,399.0","23,375.0","0.03K","0.01%"
"11/08/2022","23,390.0","23,380.0","23,390.0","23,375.0","0.02K","0.02%"
"10/08/2022","23,385.0","23,385.0","23,388.0","23,380.0","0.02K","0.00%"
"09/08/2022","23,385.0","23,385.0","23,398.0","23,380.0","0.03K","-0.01%"
"08/08/2022","23,388.0","23,390.0","23,396.0","23,380.0","0.02K","0.01%"
"05/08/2022","23,385.0","23,390.0","23,410.0","23,370.0","0.03K","-0.03%"
"04/08/2022","23,393.0","23,400.0","23,413.0","23,373.0","0.03K","0.00%"
"03/08/2022","23,394.0","23,350.0","23,400.0","23,350.0","0.04K","0.18%"
"02/08/2022","23,353.0","23,357.0","23,360.0","23,345.0","0.03K","-0.01%"
"01/08/2022","23,355.0","23,340.0","23,358.0","23,337.0","0.04K","0.09%"
"29/07/2022","23,335.0","23,355.0","23,400.0","23,335.0","0.03K","-0.10%"
"28/07/2022","23,358.0","23,365.0","23,370.0","23,352.0","0.04K","-0.07%"
"27/07/2022","23,375.0","23,350.0","23,377.0","23,350.0","0.03K","0.02%"
"26/07/2022","23,370.0","23,380.0","23,385.0","23,345.0","0.04K","-0.06%"
"25/07/2022","23,385.0","23,390.0","23,407.0","23,380.0","0.02K","-0.06%"
"22/07/2022","23,400.0","23,410.0","23,410.0","23,390.0","0.03K","-0.04%"
"21/07/2022","23,410.0","23,410.0","23,427.0","23,380.0","0.03K","0.00%"
"20/07/2022","23,410.0","23,420.0","23,437.0","23,407.0","0.03K","-0.01%"
"19/07/2022","23,412.0","23,450.0","23,450.0","23,400.0","0.04K","-0.12%"
"18/07/2022","23,440.0","23,430.0","23,440.0","23,399.0","0.02K","-0.04%"
"15/07/2022","23,450.0","23,415.0","23,450.0","23,400.0","0.05K","0.15%"
"14/07/2022","23,415.0","23,390.0","23,415.0","23,335.0","0.03K","0.12%"
"13/07/2022","23,388.0","23,385.0","23,393.0","23,377.0","0.02K","0.00%"
"12/07/2022","23,389.0","23,358.0","23,389.0","23,358.0","0.03K","0.18%"
"11/07/2022","23,347.0","23,350.0","23,355.0","23,320.0","0.04K","-0.03%"
"08/07/2022","23,355.0","23,370.0","23,379.0","23,330.0","0.04K","0.02%"
"07/07/2022","23,350.0","23,360.0","23,383.0","23,345.0","0.04K","-0.10%"
"06/07/2022","23,373.0","23,365.0","23,375.0","23,358.0","0.04K","0.06%"
"05/07/2022","23,360.0","23,353.0","23,370.0","23,348.0","0.03K","0.11%"
"04/07/2022","23,335.0","23,320.0","23,365.0","23,305.0","0.04K","0.15%"
"01/07/2022","23,300.0","23,260.0","23,310.0","23,255.0","0.04K","0.19%"
"30/06/2022","23,255.0","23,265.0","23,285.0","23,235.0","0.05K","-0.04%"
"29/06/2022","23,265.0","23,255.0","23,265.0","23,233.0","0.05K","0.04%"
"28/06/2022","23,255.0","23,248.0","23,262.0","23,204.0","0.03K","0.04%"
"27/06/2022","23,245.0","23,245.0","23,256.5","23,245.0","0.02K","-0.01%"
"24/06/2022","23,247.0","23,250.0","23,259.0","23,237.5","0.03K","0.01%"
"23/06/2022","23,244.0","23,236.5","23,256.0","23,225.0","0.03K","0.04%"
"22/06/2022","23,235.0","23,234.0","23,246.0","23,225.0","0.03K","0.04%"
"21/06/2022","23,226.0","23,227.0","23,241.5","23,222.5","0.03K","-0.02%"
"20/06/2022","23,230.0","23,193.0","23,250.0","23,193.0","0.03K","0.04%"
"17/06/2022","23,220.0","23,240.0","23,245.0","23,224.5","0.03K","-0.05%"
"16/06/2022","23,232.0","23,240.0","23,242.5","23,219.0","0.04K","0.01%"
"15/06/2022","23,230.0","23,218.0","23,235.0","23,217.5","0.03K","0.09%"
"14/06/2022","23,210.0","23,210.0","23,250.0","23,201.0","0.04K","0.06%"
"13/06/2022","23,195.0","23,188.0","23,212.5","23,170.0","0.03K","0.08%"
"10/06/2022","23,177.0","23,160.0","23,193.0","23,160.0","0.03K","0.10%"
"09/06/2022","23,155.0","23,192.0","23,192.0","23,160.0","0.03K","-0.14%"
"08/06/2022","23,187.0","23,190.0","23,193.0","23,187.5","0.02K","0.01%"
"07/06/2022","23,185.0","23,187.5","23,201.0","23,186.5","0.02K","0.02%"
"06/06/2022","23,180.0","23,190.0","23,208.5","23,185.0","0.02K","-0.03%"
"03/06/2022","23,187.0","23,198.0","23,204.0","23,184.5","0.02K","-0.03%"
"02/06/2022","23,193.0","23,205.0","23,211.0","23,190.0","0.03K","-0.01%"
"01/06/2022","23,196.0","23,190.0","23,211.0","23,185.0","0.03K","0.05%"
"31/05/2022","23,185.0","23,182.0","23,191.5","23,181.0","0.03K","0.04%"
"30/05/2022","23,176.0","23,187.0","23,205.0","23,178.5","0.03K","-0.08%"
"27/05/2022","23,195.0","23,210.0","23,210.0","23,188.0","0.04K","-0.04%"
"26/05/2022","23,205.0","23,200.0","23,215.0","23,195.0","0.04K","0.06%"
"25/05/2022","23,190.0","23,208.0","23,215.0","23,170.0","0.04K","-0.09%"
"24/05/2022","23,210.0","23,177.5","23,225.0","23,172.5","0.04K","0.17%"
"23/05/2022","23,170.0","23,167.0","23,175.0","23,129.0","0.03K","0.04%"
"20/05/2022","23,160.0","23,169.0","23,178.0","23,129.0","0.03K","0.09%"
"19/05/2022","23,140.0","23,142.5","23,174.5","23,112.0","0.07K","0.00%"
"18/05/2022","23,139.0","23,122.5","23,142.5","23,118.5","0.06K","0.08%"
"17/05/2022","23,120.0","23,097.5","23,175.5","23,085.0","0.09K","0.11%"
"16/05/2022","23,095.0","23,097.5","23,097.5","23,078.0","0.05K","0.04%"
"13/05/2022","23,086.0","23,097.5","23,097.5","23,084.0","0.06K","-0.04%"
"12/05/2022","23,096.0","23,055.0","23,102.5","23,040.0","0.06K","0.20%"
"11/05/2022","23,050.0","22,945.5","23,105.0","22,945.5","0.08K","0.48%"
"10/05/2022","22,941.0","22,952.5","22,962.5","22,937.0","0.06K","-0.04%"
"09/05/2022","22,950.0","22,960.0","22,963.0","22,944.0","0.05K","-0.02%"
"06/05/2022","22,955.0","22,960.5","22,971.5","22,952.0","0.04K","0.00%"
"05/05/2022","22,955.0","22,967.5","22,976.0","22,947.0","0.07K","-0.05%"
"04/05/2022","22,966.0","22,964.5","22,976.5","22,957.5","0.05K","0.02%"
"29/04/2022","22,962.0","22,959.5","22,975.5","22,954.0","0.03K","0.03%"
"28/04/2022","22,956.0","22,961.5","22,968.0","22,948.5","0.06K","-0.04%"
"27/04/2022","22,965.0","22,974.5","22,983.5","22,960.0","0.04K","-0.02%"
"26/04/2022","22,970.0","22,985.0","22,986.0","22,970.0","0.04K","-0.06%"
"25/04/2022","22,983.0","22,971.5","22,986.5","22,963.0","0.04K","0.08%"
"22/04/2022","22,965.0","22,970.5","22,972.5","22,963.0","0.02K","0.01%"
"21/04/2022","22,962.0","22,966.0","22,986.5","22,926.0","0.05K","0.00%"
"20/04/2022","22,962.0","22,962.5","22,986.5","22,916.5","0.05K","0.03%"
"19/04/2022","22,955.0","22,923.5","22,965.0","22,903.0","0.05K","0.28%"
"18/04/2022","22,890.0","22,902.5","22,931.5","22,892.5","0.06K","-0.04%"
"15/04/2022","22,899.0","22,902.0","22,906.5","22,842.5","0.04K","0.00%"
"14/04/2022","22,900.0","22,891.0","22,903.0","22,888.5","0.05K","0.06%"
"13/04/2022","22,887.0","22,894.5","22,943.0","22,875.0","0.04K","0.00%"
"12/04/2022","22,888.0","22,874.5","22,890.5","22,863.0","0.04K","0.12%"
"08/04/2022","22,860.0","22,857.5","22,874.0","22,842.5","0.05K","0.00%"
"07/04/2022","22,859.0","22,866.0","22,875.0","22,840.0","0.06K","-0.03%"
"06/04/2022","22,866.0","22,877.5","22,878.5","22,842.5","0.05K","-0.03%"
"05/04/2022","22,873.0","22,848.5","22,876.5","22,842.5","0.05K","0.12%"
"04/04/2022","22,846.0","22,850.0","22,853.5","22,835.5","0.04K","0.04%"
"01/04/2022","22,837.0","22,839.5","22,855.0","22,832.0","0.04K","0.00%"
"31/03/2022","22,838.0","22,856.5","22,868.0","22,832.0","0.04K","-0.07%"
"30/03/2022","22,854.0","22,878.0","22,879.0","22,852.0","0.05K","-0.05%"
"29/03/2022","22,865.0","22,877.5","22,879.0","22,865.0","0.05K","0.02%"
"28/03/2022","22,860.0","22,872.0","22,877.5","22,842.5","0.04K","0.00%"
"25/03/2022","22,861.0","22,869.5","22,877.0","22,842.5","0.05K","-0.03%"
"24/03/2022","22,869.0","22,874.5","22,880.0","22,842.5","0.05K","-0.01%"
"23/03/2022","22,872.0","22,877.5","22,883.5","22,860.0","0.05K","0.01%"
"22/03/2022","22,870.0","22,870.0","22,877.5","22,842.5","0.03K","0.04%"
"21/03/2022","22,860.0","22,865.0","22,894.5","22,842.5","0.03K","0.00%"
"18/03/2022","22,860.0","22,872.5","22,877.5","22,857.0","0.03K","-0.02%"
"17/03/2022","22,865.0","22,875.5","22,882.0","22,863.5","0.05K","-0.06%"
"16/03/2022","22,879.0","22,879.5","22,886.5","22,866.5","0.05K","0.00%"
"15/03/2022","22,880.0","22,892.5","22,902.5","22,876.5","0.04K","-0.04%"
"14/03/2022","22,890.0","22,850.0","22,902.0","22,836.5","0.04K","0.07%"
"11/03/2022","22,873.0","22,840.0","22,920.0","22,837.5","0.05K","0.17%"
"10/03/2022","22,835.0","22,850.0","22,856.5","22,835.0","0.03K","0.00%"
"09/03/2022","22,835.0","22,847.5","22,852.5","22,834.0","0.03K","-0.04%"
"08/03/2022","22,845.0","22,850.0","22,854.0","22,842.5","0.03K","0.00%"
"07/03/2022","22,845.0","22,845.0","22,862.5","22,837.5","0.03K","0.07%"
"04/03/2022","22,830.0","22,840.0","22,845.0","22,835.0","0.02K","-0.02%"
"03/03/2022","22,835.0","22,845.0","22,855.0","22,818.0","0.03K","-0.02%"
"02/03/2022","22,840.0","22,821.0","22,845.0","22,810.0","0.02K","0.11%"
"01/03/2022","22,815.0","22,810.0","22,821.5","22,805.0","0.02K","0.04%"
"28/02/2022","22,805.0","22,842.5","22,869.5","22,805.0","0.05K","-0.07%"
"25/02/2022","22,820.0","22,845.0","22,845.0","22,815.0","0.03K","-0.09%"
"24/02/2022","22,840.0","22,830.0","22,845.0","22,820.0","0.03K","0.07%"
"23/02/2022","22,825.0","22,825.0","22,837.0","22,823.0","0.02K","0.04%"
"22/02/2022","22,815.0","22,810.0","22,839.0","22,800.0","0.03K","0.07%"
"21/02/2022","22,800.0","22,835.0","22,842.5","22,800.0","0.03K","-0.09%"
"18/02/2022","22,820.0","22,790.0","22,905.0","22,790.0","0.04K","0.15%"
"17/02/2022","22,785.0","22,752.5","22,790.0","22,752.5","0.02K","0.15%"
"16/02/2022","22,750.0","22,752.5","22,765.0","22,745.0","0.03K","0.00%"
"15/02/2022","22,750.0","22,747.5","22,765.0","22,740.0","0.03K","0.11%"
"14/02/2022","22,725.0","22,695.0","22,755.0","22,695.0","0.03K","0.18%"
"11/02/2022","22,685.0","22,684.0","22,700.0","22,675.5","0.02K","0.02%"
"10/02/2022","22,680.0","22,685.0","22,707.5","22,681.5","0.02K","0.00%"
"09/02/2022","22,680.0","22,742.5","22,750.0","22,690.0","0.02K","-0.15%"
"08/02/2022","22,715.0","22,695.0","22,722.5","22,670.0","0.02K","0.22%"
"07/02/2022","22,665.0","22,652.5","22,682.5","22,640.0","0.02K","0.09%"
"28/01/2022","22,645.0","22,650.0","22,670.0","22,637.5","0.02K","0.07%"
"27/01/2022","22,630.0","22,640.0","22,659.5","22,635.0","0.02K","0.00%"
"26/01/2022","22,630.0","22,635.0","22,675.0","22,630.0","0.02K","0.00%"
"25/01/2022","22,630.0","22,635.0","22,702.5","22,635.0","0.03K","-0.20%"
"24/01/2022","22,675.0","22,630.0","22,700.0","22,625.0","0.03K","0.22%"
"21/01/2022","22,625.0","22,650.0","22,675.0","22,617.5","0.04K","-0.09%"
"20/01/2022","22,645.0","22,700.0","22,740.0","22,640.0","0.03K","-0.24%"
"19/01/2022","22,700.0","22,735.0","22,810.0","22,700.0","0.03K","-0.22%"
"18/01/2022","22,750.0","22,750.0","22,815.0","22,730.0","0.03K","0.13%"
"17/01/2022","22,720.0","22,720.0","22,736.5","22,710.0","0.02K","0.04%"
"14/01/2022","22,710.0","22,730.0","22,730.0","22,690.0","0.02K","0.00%"
"13/01/2022","22,710.0","22,702.5","22,715.0","22,685.0","0.02K","0.05%"
"12/01/2022","22,698.0","22,690.0","22,710.0","22,690.0","0.03K","0.00%"
"11/01/2022","22,698.0","22,705.0","22,730.0","22,680.0","0.03K","0.01%"
"10/01/2022","22,695.0","22,752.5","22,760.0","22,675.0","0.03K","0.04%"
"07/01/2022","22,685.0","22,745.0","22,751.5","22,685.0","0.02K","-0.26%"
"06/01/2022","22,745.0","22,757.5","22,811.0","22,747.5","0.02K","-0.04%"
"05/01/2022","22,755.0","22,750.0","22,770.0","22,735.0","0.02K","0.01%"
"04/01/2022","22,752.0","22,770.0","22,782.5","22,750.0","0.02K","-0.32%"