Date,EUR
2020-01-03,1386.28
2020-01-06,1405.18
2020-01-07,1407.03
2020-01-08,1413.88
2020-01-09,1396.44
2020-01-10,1396.87
2020-01-13,1391.29
2020-01-14,1388.11
2020-01-15,1388.24
2020-01-16,1396.09
2020-01-17,1404.38
2020-01-20,1407.57
2020-01-21,1398.58
2020-01-22,1404.38
2020-01-23,1414.26
2020-01-24,1418.61
2020-01-27,1434.5
2020-01-28,1429.74
2020-01-29,1429.76
2020-01-30,1429.83
2020-01-31,1429.4
2020-02-03,1423.95
2020-02-04,1411.93
2020-02-05,1411.96
2020-02-06,1424.42
2020-02-07,1437.13
2020-02-10,1441.98
2020-02-11,1437.92
2020-02-12,1437.36
2020-02-13,1452.73
2020-02-14,1458.45
2020-02-17,1459.38
2020-02-18,1471.54
2020-02-19,1486.47
2020-02-20,1500.05
2020-02-21,1513.45
2020-02-24,1537.72
2020-02-25,1516.4
2020-02-26,1502.8
2020-02-27,1504.55
2020-02-28,1463.37
2020-03-02,1430.81
2020-03-03,1447.71
2020-03-04,1475.95
2020-03-05,1479.94
2020-03-06,1489.3
2020-03-09,1459.04
2020-03-10,1463.15
2020-03-11,1465.44
2020-03-12,1404.17
2020-03-13,1410.34
2020-03-16,1333.18
2020-03-17,1398.07
2020-03-18,1381.08
2020-03-19,1379.87
2020-03-20,1400.96
2020-03-23,1418.84
2020-03-24,1492.75
2020-03-25,1478.18
2020-03-26,1482.95
2020-03-27,1457.29
2020-03-30,1468.51
2020-03-31,1466.55
2020-04-01,1443.07
2020-04-02,1491.24
2020-04-03,1495.41
2020-04-06,1525.92
2020-04-07,1513.63
2020-04-08,1516.75
2020-04-09,1536.81
2020-04-10,1536.81
2020-04-13,1536.81
2020-04-14,1588.6
2020-04-15,1574.29
2020-04-16,1596.36
2020-04-17,1557.51
2020-04-20,1551.24
2020-04-21,1551.13
2020-04-22,1581.5
2020-04-23,1605.56
2020-04-24,1590.56
2020-04-27,1584.84
2020-04-28,1561.62
2020-04-29,1570.2
2020-04-30,1556.87
2020-05-01,1534.63
2020-05-04,1567.98
2020-05-05,1567.85
2020-05-06,1565.19
2020-05-07,1575.93
2020-05-08,1575.93
2020-05-11,1575.45
2020-05-12,1568.89
2020-05-13,1578.64
2020-05-14,1606.01
2020-05-15,1605.76
2020-05-18,1590.15
2020-05-19,1590.22
2020-05-20,1592.84
2020-05-21,1574.53
2020-05-22,1592.17
2020-05-25,1592.17
2020-05-26,1567.28
2020-05-27,1544.05
2020-05-28,1549.68
2020-05-29,1557.67
2020-06-01,1554.9
2020-06-02,1559.11
2020-06-03,1517.62
2020-06-04,1500.62
2020-06-05,1490.97
2020-06-08,1497.08
2020-06-09,1510.62
2020-06-10,1517.09
2020-06-11,1529.88
2020-06-12,1542.81
2020-06-15,1515.68
2020-06-16,1526.31
2020-06-17,1535.35
2020-06-18,1536.09
2020-06-19,1549.85
2020-06-22,1564.56
2020-06-23,1564.15
2020-06-24,1565.92
2020-06-25,1564.58
2020-06-26,1556.19
2020-06-29,1577.98
2020-06-30,1572.62
2020-07-01,1572.31
2020-07-02,1582.91
2020-07-03,1577.03
2020-07-06,1581.23
2020-07-07,1585.08
2020-07-08,1597.65
2020-07-09,1604.91
2020-07-10,1595.66
2020-07-13,1589.99
2020-07-14,1580.2
2020-07-15,1582.01
2020-07-16,1584.45
2020-07-17,1580.54
2020-07-20,1587.25
2020-07-21,1599.99
2020-07-22,1600.07
2020-07-23,1616.44
2020-07-24,1634.81
2020-07-27,1648.91
2020-07-28,1653.94
2020-07-29,1656.96
2020-07-30,1658.46
2020-07-31,1666.44
2020-08-03,1666.99
2020-08-04,1679.32
2020-08-05,1725.05
2020-08-06,1740.03
2020-08-07,1725.85
2020-08-10,1739.56
2020-08-11,1647.82
2020-08-12,1638.31
2020-08-13,1645.3
2020-08-14,1641.83
2020-08-17,1662.33
2020-08-18,1682.93
2020-08-19,1667.79
2020-08-20,1625.74
2020-08-21,1634.55
2020-08-24,1647.42
2020-08-25,1617.97
2020-08-26,1633.66
2020-08-27,1630.8
2020-08-28,1646.35
2020-08-31,1646.35
2020-09-01,1652.71
2020-09-02,1643.36
2020-09-03,1639.86
2020-09-04,1627.63
2020-09-07,1632.07
2020-09-08,1620.0
2020-09-09,1649.61
2020-09-10,1658.16
2020-09-11,1645.18
2020-09-14,1650.54
2020-09-15,1644.6
2020-09-16,1657.91
2020-09-17,1637.84
2020-09-18,1644.07
2020-09-21,1626.22
2020-09-22,1628.5
2020-09-23,1603.8
2020-09-24,1596.29
2020-09-25,1600.57
2020-09-28,1599.43
2020-09-29,1605.0
2020-09-30,1609.71
2020-10-01,1619.41
2020-10-02,1624.04
2020-10-05,1620.09
2020-10-06,1624.14
2020-10-07,1600.83
2020-10-08,1605.66
2020-10-09,1626.7
2020-10-12,1630.26
2020-10-13,1611.67
2020-10-14,1625.44
2020-10-15,1617.42
2020-10-16,1625.61
2020-10-19,1617.38
2020-10-20,1605.14
2020-10-21,1620.47
2020-10-22,1607.98
2020-10-23,1607.41
2020-10-26,1606.68
2020-10-27,1611.59
2020-10-28,1591.31
2020-10-29,1604.31
2020-10-30,1615.88
2020-11-02,1625.3
2020-11-03,1629.63
2020-11-04,1621.98
2020-11-05,1642.34
2020-11-06,1633.53
2020-11-09,1579.91
2020-11-10,1589.42
2020-11-11,1580.69
2020-11-12,1588.86
2020-11-13,1598.93
2020-11-16,1592.3
2020-11-17,1592.39
2020-11-18,1580.54
2020-11-19,1567.91
2020-11-20,1582.34
2020-11-23,1554.09
2020-11-24,1515.71
2020-11-25,1519.13
2020-11-26,1517.17
2020-11-27,1488.08
2020-11-30,1474.44
2020-12-01,1503.32
2020-12-02,1507.15
2020-12-03,1508.6
2020-12-04,1517.62
2020-12-07,1532.97
2020-12-08,1542.01
2020-12-09,1525.64
2020-12-10,1521.74
2020-12-11,1520.18
2020-12-14,1506.13
2020-12-15,1521.79
2020-12-16,1521.86
2020-12-17,1542.21
2020-12-18,1536.12
2020-12-21,1536.45
2020-12-22,1541.77
2020-12-23,1538.52
2020-12-24,1538.52
2020-12-25,1538.52
2020-12-28,1538.52
2020-12-29,1531.04
2020-12-30,1536.01
2020-12-31,1536.01
2021-01-01,1536.01
2021-01-04,1585.9
2021-01-05,1577.52
2021-01-06,1570.82
2021-01-07,1565.38
2021-01-08,1523.35
2021-01-11,1518.25
2021-01-12,1512.32
2021-01-13,1528.03
2021-01-14,1513.85
2021-01-15,1520.59
2021-01-18,1518.05
2021-01-19,1513.65
2021-01-20,1533.49
2021-01-21,1532.72
2021-01-22,1522.73
2021-01-25,1528.9
2021-01-26,1527.19
2021-01-27,1520.88
2021-01-28,1528.82
2021-01-29,1536.27
2021-02-01,1543.45
2021-02-02,1525.17
2021-02-03,1526.11
2021-02-04,1493.1
2021-02-05,1497.72
2021-02-08,1523.41
2021-02-09,1519.7
2021-02-10,1518.08
2021-02-11,1517.36
2021-02-12,1498.27
2021-02-15,1498.06
2021-02-16,1481.75
2021-02-17,1478.37
2021-02-18,1467.6
2021-02-19,1472.91
2021-02-22,1485.78
2021-02-23,1481.68
2021-02-24,1472.57
2021-02-25,1457.18
2021-02-26,1442.76
2021-03-01,1440.2
2021-03-02,1427.03
2021-03-03,1417.9
2021-03-04,1427.46
2021-03-05,1423.98
2021-03-08,1422.83
2021-03-09,1444.47
2021-03-10,1441.22
2021-03-11,1440.24
2021-03-12,1426.85
2021-03-15,1445.05
2021-03-16,1457.62
2021-03-17,1452.51
2021-03-18,1446.81
2021-03-19,1457.05
2021-03-22,1453.82
2021-03-23,1455.85
2021-03-24,1463.18
2021-03-25,1475.41
2021-03-26,1468.87
2021-03-29,1448.91
2021-03-30,1437.06
2021-03-31,1439.19
2021-04-01,1466.11
2021-04-02,1466.11
2021-04-05,1466.11
2021-04-06,1471.53
2021-04-07,1462.76
2021-04-08,1472.49
2021-04-09,1463.19
2021-04-12,1454.22
2021-04-13,1464.19
2021-04-14,1448.1
2021-04-15,1467.88
2021-04-16,1481.05
2021-04-19,1474.08
2021-04-20,1477.85
2021-04-21,1495.01
2021-04-22,1488.68
2021-04-23,1475.37
2021-04-26,1466.91
2021-04-27,1478.05
2021-04-28,1465.84
2021-04-29,1454.57
2021-04-30,1469.73
2021-05-03,1469.73
2021-05-04,1495.88
2021-05-05,1485.95
2021-05-06,1504.69
2021-05-07,1511.44
2021-05-10,1513.65
2021-05-11,1503.7
2021-05-12,1517.24
2021-05-13,1508.11
2021-05-14,1514.46
2021-05-17,1524.93
2021-05-18,1527.99
2021-05-19,1546.52
2021-05-20,1537.32
2021-05-21,1542.17
2021-05-24,1539.21
2021-05-25,1541.67
2021-05-26,1557.17
2021-05-27,1551.9
2021-05-28,1557.21
2021-05-31,1557.21
2021-06-01,1552.64
2021-06-02,1558.1
2021-06-03,1540.06
2021-06-04,1554.64
2021-06-07,1548.5
2021-06-08,1554.57
2021-06-09,1556.01
2021-06-10,1551.0
2021-06-11,1554.97
2021-06-14,1539.02
2021-06-15,1538.35
2021-06-16,1535.53
2021-06-17,1495.21
2021-06-18,1493.14
2021-06-21,1489.26
2021-06-22,1487.26
2021-06-23,1501.01
2021-06-24,1496.48
2021-06-25,1496.73
2021-06-28,1493.16
2021-06-29,1475.66
2021-06-30,1488.02
2021-07-01,1503.5
2021-07-02,1508.06
2021-07-05,1509.4
2021-07-06,1531.82
2021-07-07,1529.36
2021-07-08,1526.13
2021-07-09,1521.74
2021-07-12,1511.55
2021-07-13,1536.64
2021-07-14,1540.78
2021-07-15,1545.16
2021-07-16,1544.58
2021-07-19,1538.18
2021-07-20,1547.84
2021-07-21,1528.15
2021-07-22,1529.75
2021-07-23,1529.23
2021-07-26,1524.04
2021-07-27,1521.08
2021-07-28,1520.74
2021-07-29,1539.17
2021-07-30,1539.55
2021-08-02,1526.07
2021-08-03,1527.34
2021-08-04,1545.11
2021-08-05,1521.03
2021-08-06,1499.57
2021-08-09,1480.88
2021-08-10,1470.94
2021-08-11,1484.17
2021-08-12,1488.67
2021-08-13,1503.26
2021-08-16,1517.07
2021-08-17,1528.27
2021-08-18,1524.45
2021-08-19,1524.68
2021-08-20,1520.17
2021-08-23,1535.05
2021-08-24,1539.37
2021-08-25,1521.0
2021-08-26,1520.12
2021-08-27,1524.02
2021-08-30,1524.02
2021-08-31,1537.1
2021-09-01,1529.2
2021-09-02,1527.64
2021-09-03,1533.81
2021-09-06,1534.5
2021-09-07,1521.44
2021-09-08,1511.13
2021-09-09,1511.37
2021-09-10,1518.4
2021-09-13,1519.35
2021-09-14,1516.45
2021-09-15,1522.32
2021-09-16,1486.35
2021-09-17,1497.48
2021-09-20,1499.53
2021-09-21,1513.0
2021-09-22,1511.21
2021-09-23,1490.12
2021-09-24,1490.95
2021-09-27,1500.0
2021-09-28,1484.12
2021-09-29,1497.41
2021-09-30,1506.18
2021-10-01,1515.09
2021-10-04,1510.07
2021-10-05,1510.73
2021-10-06,1524.47
2021-10-07,1524.84
2021-10-08,1533.42
2021-10-11,1520.06
2021-10-12,1533.44
2021-10-13,1542.32
2021-10-14,1552.21
2021-10-15,1528.81
2021-10-18,1521.12
2021-10-19,1529.35
2021-10-20,1525.39
2021-10-21,1529.13
2021-10-22,1554.55
2021-10-25,1555.45
2021-10-26,1540.99
2021-10-27,1546.43
2021-10-28,1544.36
2021-10-29,1533.19
2021-11-01,1547.18
2021-11-02,1545.76
2021-11-03,1522.32
2021-11-04,1555.51
2021-11-05,1559.1
2021-11-08,1572.89
2021-11-09,1576.35
2021-11-10,1615.18
2021-11-11,1622.48
2021-11-12,1625.08
2021-11-15,1633.5
2021-11-16,1641.24
2021-11-17,1647.58
2021-11-18,1636.15
2021-11-19,1647.28
2021-11-22,1614.55
2021-11-23,1589.79
2021-11-24,1591.68
2021-11-25,1595.14
2021-11-26,1593.06
2021-11-29,1584.98
2021-11-30,1595.26
2021-12-01,1580.05
2021-12-02,1561.53
2021-12-03,1562.68
2021-12-06,1576.96
2021-12-07,1584.27
2021-12-08,1571.77
2021-12-09,1573.21
2021-12-10,1572.36
2021-12-13,1583.1
2021-12-14,1576.38
2021-12-15,1570.74
2021-12-16,1586.59
2021-12-17,1604.28
2021-12-20,1591.9
2021-12-21,1592.04
2021-12-22,1582.49
2021-12-23,1592.31
2021-12-24,1592.31
2021-12-27,1592.31
2021-12-28,1592.31
2021-12-29,1582.51
2021-12-30,1595.98
2021-12-31,1595.98
2022-01-03,1595.98
2022-01-04,1603.86
2022-01-05,1610.31
2022-01-06,1584.06
2022-01-07,1578.41
2022-01-10,1583.72
2022-01-11,1591.33
2022-01-12,1591.58
2022-01-13,1588.3
2022-01-14,1598.8
2022-01-17,1592.93
2022-01-18,1604.92
2022-01-19,1610.5
2022-01-20,1629.16
2022-01-21,1619.6
2022-01-24,1616.88
2022-01-25,1636.52
2022-01-26,1626.46
2022-01-27,1622.0
2022-01-28,1603.58
2022-01-31,1600.19
2022-02-01,1600.58
2022-02-02,1594.6
2022-02-03,1566.5
2022-02-04,1575.61
2022-02-07,1588.19
2022-02-08,1595.83
2022-02-09,1598.01
2022-02-10,1600.83
2022-02-11,1606.69
2022-02-14,1650.0
2022-02-15,1627.39
2022-02-16,1637.45
2022-02-17,1666.92
2022-02-18,1672.5
2022-02-21,1671.18
2022-02-22,1676.46
2022-02-23,1683.79
2022-02-24,1733.95
2022-02-25,1676.72
2022-02-28,1704.46
2022-03-01,1730.13
2022-03-02,1736.92
2022-03-03,1746.09
2022-03-04,1780.43
2022-03-07,1821.56
2022-03-08,1863.34
2022-03-09,1793.09
2022-03-10,1816.74
2022-03-11,1812.66
2022-03-14,1780.46
2022-03-15,1749.54
2022-03-16,1741.81
2022-03-17,1752.18
2022-03-18,1750.43
2022-03-21,1754.19
2022-03-22,1737.5
2022-03-23,1755.18
2022-03-24,1787.52
2022-03-25,1777.64
2022-03-28,1761.92
2022-03-29,1723.83
2022-03-30,1733.31
2022-03-31,1752.53
2022-04-01,1747.64
2022-04-04,1758.82
2022-04-05,1781.24
2022-04-06,1769.48
2022-04-07,1776.59
2022-04-08,1785.69
2022-04-11,1794.03
2022-04-12,1808.57
2022-04-13,1816.53
2022-04-14,1815.13
2022-04-15,1815.13
2022-04-18,1815.13
2022-04-19,1819.19
2022-04-20,1797.98
2022-04-21,1792.42
2022-04-22,1801.23
2022-04-25,1768.55
2022-04-26,1786.85
2022-04-27,1785.29
2022-04-28,1796.35
2022-04-29,1811.83
2022-05-02,1811.83
2022-05-03,1777.96
2022-05-04,1766.66
2022-05-05,1800.3
2022-05-06,1781.01
2022-05-09,1759.88
2022-05-10,1763.2
2022-05-11,1758.57
2022-05-12,1773.56
2022-05-13,1740.37
2022-05-16,1735.73
2022-05-17,1731.01
2022-05-18,1726.57
2022-05-19,1740.77
2022-05-20,1738.74
2022-05-23,1738.5
2022-05-24,1739.91
2022-05-25,1733.65
2022-05-26,1726.37
2022-05-27,1729.04
2022-05-30,1719.78
2022-05-31,1713.29
2022-06-01,1734.09
2022-06-02,1734.09
2022-06-03,1734.09
2022-06-06,1726.19
2022-06-07,1728.44
2022-06-08,1727.05
2022-06-09,1731.93
2022-06-10,1740.04
2022-06-13,1754.19
2022-06-14,1745.01
2022-06-15,1756.65
2022-06-16,1729.64
2022-06-17,1759.22
2022-06-20,1745.22
2022-06-21,1746.96
2022-06-22,1741.7
2022-06-23,1752.69
2022-06-24,1730.78
2022-06-27,1723.25
2022-06-28,1728.64
2022-06-29,1740.14
2022-06-30,1733.28
2022-07-01,1727.99
2022-07-04,1735.01
2022-07-05,1729.62
2022-07-06,1724.47
2022-07-07,1721.27
2022-07-08,1709.65
2022-07-11,1728.93
2022-07-12,1720.04
2022-07-13,1710.57
2022-07-14,1702.23
2022-07-15,1692.44
2022-07-18,1690.81
2022-07-19,1672.74
2022-07-20,1677.26
2022-07-21,1674.62
2022-07-22,1697.57
2022-07-25,1681.73
2022-07-26,1698.48
2022-07-27,1695.23
2022-07-28,1726.23
2022-07-29,1719.53
2022-08-01,1725.13
2022-08-02,1745.71
2022-08-03,1735.22
2022-08-04,1741.92
2022-08-05,1741.38
2022-08-08,1749.75
2022-08-09,1756.95
2022-08-10,1738.55
2022-08-11,1739.3
2022-08-12,1747.2
2022-08-15,1745.87
2022-08-16,1745.87
2022-08-17,1738.51
2022-08-18,1749.8
2022-08-19,1744.47
2022-08-22,1745.12
2022-08-23,1750.23
2022-08-24,1753.89
2022-08-25,1760.42
2022-08-26,1754.76
2022-08-29,1754.76
2022-08-30,1726.16
2022-08-31,1706.68
2022-09-01,1705.04
2022-09-02,1717.65
2022-09-05,1723.18
2022-09-06,1718.24
2022-09-07,1707.26
2022-09-08,1714.67
2022-09-09,1704.2
2022-09-12,1701.89
2022-09-13,1705.19
2022-09-14,1704.41
2022-09-15,1688.09
2022-09-16,1663.49
2022-09-19,1663.49
2022-09-20,1667.48
2022-09-21,1693.77
2022-09-22,1699.03
2022-09-23,1693.16
2022-09-26,1707.91
2022-09-27,1705.59
2022-09-28,1702.9
2022-09-29,1692.72
2022-09-30,1707.61
2022-10-03,1701.06
2022-10-04,1720.01
2022-10-05,1724.12
2022-10-06,1748.65
2022-10-07,1737.68
2022-10-10,1729.83
2022-10-11,1704.76
2022-10-12,1725.17
2022-10-13,1686.04
2022-10-14,1697.16
2022-10-17,1691.99
2022-10-18,1677.15
2022-10-19,1670.8
2022-10-20,1668.16
2022-10-21,1670.14
2022-10-24,1670.7
2022-10-25,1666.92
2022-10-26,1654.18
2022-10-27,1663.41
2022-10-28,1658.16
2022-10-31,1657.73
2022-11-01,1664.9
2022-11-02,1669.59
2022-11-03,1671.03
2022-11-04,1687.39
2022-11-07,1675.26
2022-11-08,1664.01
2022-11-09,1710.63
2022-11-10,1720.15
2022-11-11,1701.17
2022-11-14,1711.4
2022-11-15,1705.68
2022-11-16,1707.43
2022-11-17,1699.13
2022-11-18,1695.15
2022-11-21,1700.77
2022-11-22,1692.84
2022-11-23,1679.03
2022-11-24,1686.43
2022-11-25,1683.5
2022-11-28,1684.23
2022-11-29,1695.07
2022-11-30,1699.95
2022-12-01,1715.98
2022-12-02,1695.56
2022-12-05,1693.0
2022-12-06,1692.23
2022-12-07,1694.43
2022-12-08,1697.79
2022-12-09,1703.16
2022-12-12,1696.03
2022-12-13,1717.9
2022-12-14,1697.38
2022-12-15,1682.75
2022-12-16,1690.29
2022-12-19,1685.46
2022-12-20,1708.81
2022-12-21,1714.51
2022-12-22,1701.18
2022-12-23,1701.18
2022-12-26,1701.18
2022-12-27,1701.18
2022-12-28,1696.63
2022-12-29,1697.95
2022-12-30,1697.95
2023-01-02,1697.95
2023-01-03,1747.82
2023-01-04,1751.01
2023-01-05,1741.69
2023-01-06,1741.12
2023-01-09,1747.77
2023-01-10,1750.19
2023-01-11,1742.21
2023-01-12,1735.23
2023-01-13,1761.31
2023-01-16,1772.7
2023-01-17,1775.0
2023-01-18,1779.08
2023-01-19,1773.85
2023-01-20,1775.08
2023-01-23,1762.73
2023-01-24,1764.75
2023-01-25,1771.54
2023-01-26,1778.6
2023-01-27,1769.62
2023-01-30,1772.06
2023-01-31,1770.73
2023-02-01,1765.58
2023-02-02,1761.53
2023-02-03,1732.42
2023-02-06,1748.58
2023-02-07,1738.41
2023-02-08,1745.57
2023-02-09,1748.16
2023-02-10,1743.25
2023-02-13,1731.71
2023-02-14,1737.23
2023-02-15,1716.7
2023-02-16,1710.42
2023-02-17,1717.34
2023-02-20,1727.31
2023-02-21,1722.96
2023-02-22,1727.28
2023-02-23,1725.13
2023-02-24,1717.03
2023-02-27,1715.55
2023-02-28,1720.35
2023-03-01,1726.44
2023-03-02,1735.54
2023-03-03,1732.85
2023-03-06,1730.51
2023-03-07,1728.54
2023-03-08,1722.43
2023-03-09,1731.49
2023-03-10,1744.54
2023-03-13,1779.94
2023-03-14,1777.28
2023-03-15,1821.92
2023-03-16,1815.29
2023-03-17,1838.38
2023-03-20,1837.77
2023-03-21,1813.92
2023-03-22,1805.79
2023-03-23,1819.81
2023-03-24,1852.63
2023-03-27,1803.59
2023-03-28,1810.41
2023-03-29,1814.74
2023-03-30,1802.66
2023-03-31,1821.42
2023-04-03,1821.38
2023-04-04,1835.92
2023-04-05,1863.68
2023-04-06,1830.89
2023-04-07,1830.89
2023-04-10,1830.89
2023-04-11,1837.51
2023-04-12,1826.3
2023-04-13,1852.79
2023-04-14,1839.5
2023-04-17,1828.77
2023-04-18,1822.61
2023-04-19,1815.2
2023-04-20,1830.17
2023-04-21,1797.66
2023-04-24,1792.82
2023-04-25,1812.0
2023-04-26,1814.15
2023-04-27,1803.66
2023-04-28,1797.25
2023-05-01,1797.25
2023-05-02,1814.0
2023-05-03,1823.39
2023-05-04,1854.6
2023-05-05,1813.77
2023-05-08,1813.77
2023-05-09,1853.22
2023-05-10,1857.02
2023-05-11,1845.26
2023-05-12,1861.32
2023-05-15,1856.7
2023-05-16,1847.29
2023-05-17,1821.07
2023-05-18,1821.33
2023-05-19,1812.77
2023-05-22,1822.66
2023-05-23,1828.92
2023-05-24,1831.21
2023-05-25,1818.58
2023-05-26,1817.07
2023-05-29,1817.07
2023-05-30,1821.15
2023-05-31,1846.59
2023-06-01,1834.9
2023-06-02,1833.1
2023-06-05,1829.4
2023-06-06,1831.26
2023-06-07,1839.85
2023-06-08,1823.27
2023-06-09,1823.87
2023-06-12,1816.82
2023-06-13,1809.29
2023-06-14,1800.59
2023-06-15,1783.95
2023-06-16,1792.34
2023-06-19,1787.42
2023-06-20,1768.62
2023-06-21,1755.22
2023-06-22,1752.67
2023-06-23,1773.56
2023-06-26,1762.67
2023-06-27,1750.98
2023-06-28,1749.06
2023-06-29,1747.4
2023-06-30,1751.47
2023-07-03,1766.9
2023-07-04,1769.39
2023-07-05,1772.07
2023-07-06,1755.54
2023-07-07,1752.01
2023-07-10,1749.75
2023-07-11,1757.66
2023-07-12,1754.67
2023-07-13,1747.32
2023-07-14,1738.32
2023-07-17,1735.6
2023-07-18,1761.03
2023-07-19,1764.97
2023-07-20,1776.43
2023-07-21,1762.5
2023-07-24,1768.63
2023-07-25,1773.86
2023-07-26,1775.92
2023-07-27,1770.11
2023-07-28,1772.4
2023-07-31,1790.36
2023-08-01,1774.7
2023-08-02,1775.36
2023-08-03,1766.91
2023-08-04,1760.42
2023-08-07,1755.93
2023-08-08,1759.59
2023-08-09,1751.46
2023-08-10,1744.21
2023-08-11,1750.07
2023-08-14,1742.08
2023-08-15,1743.77
2023-08-16,1749.06
2023-08-17,1743.29
2023-08-18,1741.65
2023-08-21,1733.49
2023-08-22,1744.47
2023-08-23,1764.38
2023-08-24,1771.6
2023-08-25,1774.27
2023-08-28,1774.27
2023-08-29,1776.67
2023-08-30,1782.49
2023-08-31,1791.95
2023-09-01,1799.47
2023-09-04,1794.7
2023-09-05,1795.06
2023-09-06,1792.79
2023-09-07,1792.18
2023-09-08,1800.84
2023-09-11,1790.48
2023-09-12,1779.87
2023-09-13,1781.77
2023-09-14,1785.85
2023-09-15,1806.32
2023-09-18,1799.01
2023-09-19,1810.86
2023-09-20,1810.29
2023-09-21,1797.11
2023-09-22,1808.7
2023-09-25,1817.78
2023-09-26,1804.38
2023-09-27,1796.92
2023-09-28,1774.53
2023-09-29,1768.29
2023-10-02,1747.59
2023-10-03,1741.97
2023-10-04,1730.36
2023-10-05,1726.89
2023-10-06,1720.01
2023-10-09,1751.61
2023-10-10,1749.08
2023-10-11,1764.17
2023-10-12,1776.47
2023-10-13,1816.73
2023-10-16,1818.57
2023-10-17,1822.5
2023-10-18,1856.03
2023-10-19,1843.49
2023-10-20,1877.71
2023-10-23,1849.98
2023-10-24,1854.77
2023-10-25,1875.46
2023-10-26,1875.77
2023-10-27,1873.67
2023-10-30,1882.57
2023-10-31,1888.32
2023-11-01,1885.48
2023-11-02,1866.39
2023-11-03,1857.55
2023-11-06,1848.55
2023-11-07,1836.38
2023-11-08,1829.8
2023-11-09,1828.54
2023-11-10,1818.19
2023-11-13,1805.49
2023-11-14,1810.95
2023-11-15,1804.13
2023-11-16,1823.3
2023-11-17,1819.15
2023-11-20,1799.87
2023-11-21,1837.38
2023-11-22,1836.15
2023-11-23,1827.3
2023-11-24,1828.76
2023-11-27,1841.69
2023-11-28,1843.68
2023-11-29,1864.93
2023-11-30,1869.1
2023-12-01,1879.62
2023-12-04,1892.71
2023-12-05,1874.86
2023-12-06,1879.43
2023-12-07,1874.33
2023-12-08,1866.96
2023-12-11,1849.08
2023-12-12,1836.16
2023-12-13,1838.37
2023-12-14,1859.25
2023-12-15,1862.79
2023-12-18,1852.08
2023-12-19,1860.0
2023-12-20,1857.59
2023-12-21,1858.46
2023-12-22,1858.46
2023-12-25,1858.46
2023-12-26,1858.46
2023-12-27,1863.48
2023-12-28,1876.83
2023-12-29,1876.83
2024-01-01,1876.83
2024-01-02,1888.0
2024-01-03,1872.28
2024-01-04,1862.6
2024-01-05,1878.63
2024-01-08,1846.88
2024-01-09,1861.08
2024-01-10,1848.09
2024-01-11,1852.94
2024-01-12,1877.31
2024-01-15,1872.4
2024-01-16,1876.23
2024-01-17,1851.25
2024-01-18,1853.78
2024-01-19,1862.76
2024-01-22,1855.36
2024-01-23,1867.57
2024-01-24,1856.63
2024-01-25,1867.27
2024-01-26,1857.93
2024-01-29,1870.61
2024-01-30,1884.91
2024-01-31,1892.4
2024-02-01,1881.59
2024-02-02,1886.27
2024-02-05,1879.13
2024-02-06,1888.94
2024-02-07,1896.52
2024-02-08,1883.09
2024-02-09,1876.04
2024-02-12,1869.04
2024-02-13,1862.9
2024-02-14,1849.87
2024-02-15,1862.15
2024-02-16,1853.68
2024-02-19,1871.8
2024-02-20,1876.71
2024-02-21,1875.23
2024-02-22,1870.61
2024-02-23,1872.93
2024-02-26,1869.25
2024-02-27,1875.45
2024-02-28,1875.3
2024-02-29,1896.34
2024-03-01,1891.31
2024-03-04,1932.26
2024-03-05,1965.38
2024-03-06,1965.56
2024-03-07,1968.96
2024-03-08,1984.82
2024-03-11,1995.84
2024-03-12,1979.35
2024-03-13,1979.01
2024-03-14,1984.75
2024-03-15,1987.73
2024-03-18,1985.6
2024-03-19,1983.52
2024-03-20,1985.87
2024-03-21,1998.99
2024-03-22,2009.62
2024-03-25,2008.58
2024-03-26,2012.56
2024-03-27,2026.71
2024-03-28,2051.08
2024-03-29,2051.08
2024-04-01,2051.08
2024-04-02,2102.99
2024-04-03,2105.21
2024-04-04,2112.07
2024-04-05,2121.22
2024-04-08,2138.48
2024-04-09,2170.52
2024-04-10,2173.06
2024-04-11,2188.51
2024-04-12,2256.62
2024-04-15,2204.02
2024-04-16,2229.79
2024-04-17,2244.46
2024-04-18,2236.65
2024-04-19,2233.62
2024-04-22,2192.65
2024-04-23,2176.12
2024-04-24,2170.28
2024-04-25,2160.75
2024-04-26,2190.84
2024-04-29,2175.6
2024-04-30,2160.31
2024-05-01,2157.37
2024-05-02,2135.72
2024-05-03,2131.6
2024-05-06,2131.6
2024-05-07,2153.76
2024-05-08,2148.75
2024-05-09,2158.22
2024-05-10,2201.61
2024-05-13,2171.39
2024-05-14,2176.99
2024-05-15,2168.41
2024-05-16,2186.52
2024-05-17,2210.51
2024-05-20,2227.41
2024-05-21,2236.32
2024-05-22,2220.7
2024-05-23,2179.1
2024-05-24,2159.77
2024-05-27,2159.77
2024-05-28,2161.52
2024-05-29,2166.56
2024-05-30,2166.56
2024-05-31,2164.88
2024-06-03,2147.63
2024-06-04,2137.87
2024-06-05,2153.95
2024-06-06,2169.27
2024-06-07,2138.64
2024-06-10,2142.83
2024-06-11,2157.49
2024-06-12,2145.2
2024-06-13,2152.59
2024-06-14,2177.79
2024-06-17,2163.08
2024-06-18,2164.4
2024-06-19,2162.7
2024-06-20,2196.32
2024-06-21,2183.92
2024-06-24,2170.72
2024-06-25,2171.93
2024-06-26,2152.83
2024-06-27,2170.17
2024-06-28,2175.16
2024-07-01,2170.44
2024-07-02,2172.71
2024-07-03,2187.25
2024-07-04,2181.51
2024-07-05,2197.53
2024-07-08,2194.1
2024-07-09,2190.47
2024-07-10,2202.23
2024-07-11,2216.99
2024-07-12,2207.11
2024-07-15,2220.11
2024-07-16,2243.73
2024-07-17,2269.21
2024-07-18,2257.05
2024-07-19,2208.08
2024-07-22,2197.96
2024-07-23,2214.23
2024-07-24,2231.55
2024-07-25,2176.58
2024-07-26,2196.13
2024-07-29,2209.48
2024-07-30,2210.33
2024-07-31,2244.7
2024-08-01,2275.68
2024-08-02,2263.43
2024-08-05,2184.17
2024-08-06,2193.04
2024-08-07,2197.81
2024-08-08,2210.51
2024-08-09,2223.05
2024-08-12,2243.75
2024-08-13,2252.6
2024-08-14,2229.72
2024-08-15,2228.68
2024-08-16,2259.0
2024-08-19,2252.62
2024-08-20,2275.98
2024-08-21,2241.12
2024-08-22,2234.92
2024-08-23,2247.36
2024-08-26,2247.36
2024-08-27,2246.6
2024-08-28,2253.94
2024-08-29,2272.24
2024-08-30,2274.52
2024-09-02,2257.91
2024-09-03,2246.4
2024-09-04,2244.43
2024-09-05,2260.65
2024-09-06,2262.48
2024-09-09,2262.38
2024-09-10,2272.88
2024-09-11,2276.46
2024-09-12,2304.86
2024-09-13,2323.26
2024-09-16,2321.86
2024-09-17,2315.45
2024-09-18,2310.41
2024-09-19,2308.49
2024-09-20,2332.07
2024-09-23,2364.0
2024-09-24,2362.17
2024-09-25,2390.17
2024-09-26,2384.95
2024-09-27,2386.88
2024-09-30,2359.12
2024-10-01,2413.2
2024-10-02,2408.75
2024-10-03,2400.41
2024-10-04,2417.93
2024-10-07,2404.36
2024-10-08,2405.16
2024-10-09,2385.94
2024-10-10,2410.55
2024-10-11,2420.1
2024-10-14,2435.24
2024-10-15,2432.55
2024-10-16,2461.58
2024-10-17,2483.93
2024-10-18,2496.09
2024-10-21,2529.3
2024-10-22,2531.92
2024-10-23,2540.1
2024-10-24,2527.06
2024-10-25,2527.95
2024-10-28,2535.42
2024-10-29,2562.6
2024-10-30,2556.41
2024-10-31,2517.17
2024-11-01,2532.58
2024-11-04,2518.69
2024-11-05,2509.19
2024-11-06,2479.91
2024-11-07,2491.44
2024-11-08,2512.98
2024-11-11,2464.79
2024-11-12,2457.67
2024-11-13,2458.84
2024-11-14,2431.39
2024-11-15,2437.96
2024-11-18,2461.38
2024-11-19,2479.4
2024-11-20,2507.17
2024-11-21,2541.29
2024-11-22,2586.57
2024-11-25,2513.26
2024-11-26,2504.39
2024-11-27,2497.02
2024-11-28,2503.41
2024-11-29,2508.56
2024-12-02,2519.21
2024-12-03,2507.98
2024-12-04,2513.67
2024-12-05,2498.25
2024-12-06,2499.57
2024-12-09,2528.53
2024-12-10,2559.09
2024-12-11,2579.57
2024-12-12,2556.28
2024-12-13,2533.39
2024-12-16,2525.16
2024-12-17,2510.81
2024-12-18,2516.13
2024-12-19,2501.88
2024-12-20,2508.82
2024-12-23,2513.75
2024-12-24,2513.75
2024-12-25,2513.75
2024-12-26,2513.75
2024-12-27,2510.27
2024-12-30,2510.2
2024-12-31,2510.2
